Package,LibPath,Version,Priority,Depends,Imports,LinkingTo,Suggests,Enhances,License,License_is_FOSS,License_restricts_use,OS_type,MD5sum,NeedsCompilation,Built
Amelia,/home/rstudio/packages,1.7.4,NA,"R (>= 3.0.2), Rcpp (>= 0.11)","foreign, utils, grDevices, graphics, methods, stats","Rcpp (>= 0.11), RcppArmadillo","tcltk, Zelig",NA,GPL (>= 2),NA,NA,NA,NA,yes,3.4.0
AnnotationDbi,/home/rstudio/packages,1.38.1,NA,"R (>= 2.7.0), methods, utils, stats4, BiocGenerics (>=
0.15.10), Biobase (>= 1.17.0), IRanges","methods, utils, DBI, RSQLite, stats4, BiocGenerics, Biobase,
S4Vectors (>= 0.9.25), IRanges",NA,"DBI (>= 0.2-4), RSQLite (>= 0.6-4), hgu95av2.db, GO.db,
org.Sc.sgd.db, org.At.tair.db, KEGG.db, RUnit,
TxDb.Hsapiens.UCSC.hg19.knownGene, hom.Hs.inp.db, org.Hs.eg.db,
reactome.db, AnnotationForge, graph, EnsDb.Hsapiens.v75,
BiocStyle, knitr",NA,Artistic-2.0,NA,NA,NA,NA,no,3.4.0
BBmisc,/home/rstudio/packages,1.11,NA,NA,"utils, methods, stats, checkmate (>= 1.8.0)",NA,"testthat, microbenchmark, codetools",NA,BSD_2_clause + file LICENSE,NA,NA,NA,NA,yes,3.4.1
BH,/usr/local/lib/R/site-library,1.60.0-2,NA,NA,NA,NA,NA,NA,BSL-1.0,NA,NA,NA,NA,no,3.3.0
Biobase,/home/rstudio/packages,2.36.2,NA,"R (>= 2.10), BiocGenerics (>= 0.3.2), utils",methods,NA,"tools, tkWidgets, ALL, RUnit, golubEsets",NA,Artistic-2.0,NA,NA,NA,NA,yes,3.4.0
BiocGenerics,/home/rstudio/packages,0.22.0,NA,"methods, utils, graphics, stats, parallel","methods, utils, graphics, stats, parallel",NA,"Biobase, S4Vectors, IRanges, GenomicRanges, AnnotationDbi,
oligoClasses, oligo, affyPLM, flowClust, affy, DESeq2, MSnbase,
annotate, RUnit",NA,Artistic-2.0,NA,NA,NA,NA,no,3.4.0
BiocInstaller,/home/rstudio/packages,1.26.0,NA,R (>= 3.4.0),NA,NA,"devtools, RUnit, BiocGenerics",NA,Artistic-2.0,NA,NA,NA,NA,no,3.4.0
Boom,/home/rstudio/packages,0.7,NA,"MASS, R(>= 3.1.0)",NA,BH (>= 1.15.0-2),NA,NA,LGPL-2.1 | file LICENSE,NA,NA,NA,NA,yes,3.4.0
BoomSpikeSlab,/home/rstudio/packages,0.9.0,NA,"Boom (>= 0.7) , R (>= 3.1.0)",NA,BH (>= 1.15.0-2),MASS,NA,LGPL-2.1 | file LICENSE,NA,NA,NA,NA,yes,3.4.0
CVST,/home/rstudio/packages,0.2-1,NA,"kernlab,Matrix",NA,NA,NA,NA,GPL (>= 2.0),NA,NA,NA,NA,no,3.4.1
DBI,/usr/lib/R/site-library,0.3.1,NA,"R (>= 2.15.0), methods",NA,NA,"testthat, RSQLite",NA,LGPL (>= 2),NA,NA,NA,NA,no,3.1.1
DEoptimR,/home/rstudio/packages,1.0-8,NA,NA,stats,NA,NA,robustbase,GPL (>= 2),NA,NA,NA,NA,no,3.4.1
DRR,/home/rstudio/packages,0.0.2,NA,"kernlab, CVST, Matrix","stats, methods",NA,knitr,NA,GPL-3,NA,NA,NA,NA,no,3.4.1
DT,/home/rstudio/packages,0.2,NA,NA,"htmltools (>= 0.3.5), htmlwidgets (>= 0.6), magrittr",NA,"jsonlite (>= 0.9.16), knitr (>= 1.8), rmarkdown, shiny (>=
0.12.1)",NA,GPL-3 | file LICENSE,NA,NA,NA,NA,no,3.4.1
FNN,/home/rstudio/packages,1.1,NA,R (>= 2.8.0),NA,NA,"chemometrics, mvtnorm",NA,GPL (>= 2.1),NA,NA,NA,NA,yes,3.4.1
Formula,/home/rstudio/packages,1.2-2,NA,"R (>= 2.0.0), stats",NA,NA,NA,NA,GPL-2 | GPL-3,NA,NA,NA,NA,no,3.4.1
HIBPwned,/home/rstudio/packages,0.1.6,NA,R (>= 3.2.3),"httr, urltools, jsonlite, ratelimitr",NA,"testthat, knitr, rmarkdown",NA,MIT + file LICENSE,NA,NA,NA,NA,no,3.4.1
HistData,/home/rstudio/packages,0.8-2,NA,NA,NA,NA,"gtools, KernSmooth, maps, ggplot2, scales, proto, grid,
reshape, plyr, lattice, jpeg, car, gplots, sp, heplots, knitr,
rmarkdown, effects, lubridate, gridExtra",NA,GPL,NA,NA,NA,NA,no,3.4.1
Hmisc,/home/rstudio/packages,4.0-3,NA,"lattice, survival (>= 2.40-1), Formula, ggplot2 (>= 2.2)","methods, latticeExtra, cluster, rpart, nnet, acepack, foreign,
gtable, grid, gridExtra, data.table, htmlTable, viridis,
htmltools, base64enc",NA,"chron, rms, mice, tables, knitr, ff, ffbase, plotly (>=
4.5.6)",NA,GPL (>= 2),NA,NA,NA,NA,yes,3.4.1
IRanges,/home/rstudio/packages,2.10.2,NA,"R (>= 3.1.0), methods, utils, stats, BiocGenerics (>= 0.21.1),
S4Vectors (>= 0.13.17)",stats4,S4Vectors,"XVector, GenomicRanges, GenomicFeatures, GenomicAlignments,
BSgenome.Celegans.UCSC.ce2, RUnit",NA,Artistic-2.0,NA,NA,NA,NA,yes,3.4.0
KernSmooth,/home/rstudio/packages,2.23-15,recommended,"R (>= 2.5.0), stats",NA,NA,MASS,NA,Unlimited,NA,NA,NA,NA,yes,3.4.1
Lahman,/home/rstudio/packages,6.0-0,NA,R (>= 2.10),dplyr,NA,"lattice, ggplot2, googleVis, data.table, vcd, reshape2,
tidyr, zipcode",NA,GPL,NA,NA,NA,NA,no,3.4.1
LearnBayes,/home/rstudio/packages,2.15,NA,NA,NA,NA,NA,NA,GPL (>= 2),NA,NA,NA,NA,no,3.4.1
MASS,/usr/lib/R/library,7.3-47,recommended,"R (>= 3.1.0), grDevices, graphics, stats, utils",methods,NA,"lattice, nlme, nnet, survival",NA,GPL-2 | GPL-3,NA,NA,NA,NA,yes,3.4.0
Matrix,/home/rstudio/packages,1.2-11,recommended,R (>= 3.0.1),"methods, graphics, grid, stats, utils, lattice",NA,"expm, MASS","MatrixModels, graph, SparseM, sfsmisc",GPL (>= 2) | file LICENCE,NA,NA,NA,NA,yes,3.4.1
MatrixModels,/home/rstudio/packages,0.4-1,NA,R (>= 3.0.1),"stats, methods, Matrix (>= 1.1-5)",NA,NA,NA,GPL (>= 2),NA,NA,NA,NA,no,3.4.0
ModelMetrics,/home/rstudio/packages,1.1.0,NA,R (>= 3.2.2),Rcpp,Rcpp,testthat,NA,GPL (>= 2),NA,NA,NA,NA,yes,3.4.0
NLP,/home/rstudio/packages,0.1-11,NA,R (>= 3.2.0),utils,NA,NA,NA,GPL-3,NA,NA,NA,NA,no,3.4.1
NMF,/home/rstudio/packages,0.20.6,NA,"R (>= 3.0.0), methods, utils, pkgmaker (>= 0.20), registry,
rngtools (>= 1.2.3), cluster","graphics, stats, stringr (>= 1.0.0), digest, grid, grDevices,
gridBase, colorspace, RColorBrewer, foreach, doParallel,
ggplot2, reshape2",NA,"RcppOctave (>= 0.11), fastICA, doMPI, bigmemory (>= 4.2),
synchronicity, corpcor, xtable, devtools, knitr, bibtex, RUnit,
mail, Biobase",NA,GPL (>= 2),NA,NA,NA,NA,yes,3.4.0
OpenML,/home/rstudio/packages,1.6,NA,"R (>= 3.0.2), mlr (>= 2.11)","backports (>= 1.1.0), BBmisc (>= 1.11), checkmate (>= 1.8.2),
ParamHelpers (>= 1.10), data.table, digest, httr, stringi, XML,
jsonlite, memoise (>= 1.0.0), stats, curl",NA,"testthat, xml2, randomForest, rpart, RWeka, farff, knitr,
rmarkdown, R.rsp",NA,BSD_3_clause + file LICENSE,NA,NA,NA,NA,no,3.4.1
PBSmapping,/home/rstudio/packages,2.70.4,NA,R (>= 2.15.0),NA,NA,"foreign, maptools, deldir",NA,GPL (>= 2),NA,NA,NA,NA,yes,3.4.1
PKI,/home/rstudio/packages,0.1-5.1,NA,"R (>= 2.9.0), base64enc",NA,NA,NA,gmp,GPL-2 | GPL-3 | file LICENSE,NA,NA,NA,NA,yes,3.4.1
ParamHelpers,/home/rstudio/packages,1.10,NA,NA,"BBmisc (>= 1.10), checkmate (>= 1.8.1), methods",NA,"akima, eaf, emoa, GGally, ggplot2, gridExtra, grid, irace (>=
2.1), lhs, plyr, reshape2, testthat",NA,BSD_2_clause + file LICENSE,NA,NA,NA,NA,yes,3.4.1
PerformanceAnalytics,/home/rstudio/packages,1.4.3541,NA,"R (>= 3.0.0), xts (>= 0.9)",zoo,NA,"Hmisc, MASS, quantmod, gamlss, gamlss.dist, robustbase,
quantreg, gplots",NA,GPL-2 | GPL-3,NA,NA,NA,NA,yes,3.4.1
Quandl,/home/rstudio/packages,2.8.0,NA,"R (>= 2.15.0), xts","httr (>= 0.6.1), zoo, jsonlite (>= 0.9.14)",NA,"testthat (>= 0.10.0), roxygen2, timeSeries",NA,MIT + file LICENSE,NA,NA,NA,NA,no,3.4.1
R6,/usr/local/lib/R/site-library,2.1.2,NA,R (>= 3.0),NA,NA,"knitr, microbenchmark, pryr, testthat, ggplot2, scales",NA,MIT + file LICENSE,NA,NA,NA,NA,no,3.3.0
RApiDatetime,/home/rstudio/packages,0.0.3,NA,NA,NA,NA,NA,NA,GPL (>= 2),NA,NA,NA,NA,yes,3.4.1
RColorBrewer,/usr/local/lib/R/site-library,1.1-2,NA,R (>= 2.0.0),NA,NA,NA,NA,Apache License 2.0,NA,NA,NA,NA,no,3.3.0
RCurl,/home/rstudio/packages,1.95-4.8,NA,"R (>= 3.0.0), methods, bitops",NA,NA,"Rcompression, XML",NA,BSD,NA,NA,NA,NA,yes,3.4.0
RJSONIO,/home/rstudio/packages,1.3-0,NA,NA,methods,NA,NA,NA,BSD_3_clause + file LICENSE,NA,NA,NA,NA,yes,3.4.1
RMySQL,/home/rstudio/packages,0.10.13,NA,"R (>= 2.8.0), DBI (>= 0.4)",methods,NA,testthat,NA,GPL-2,NA,NA,NA,NA,yes,3.4.1
ROCR,/home/rstudio/packages,1.0-7,NA,"gplots, methods",NA,NA,NA,NA,GPL (>= 2),NA,NA,NA,NA,no,3.4.0
RPostgreSQL,/home/rstudio/packages,0.6-2,NA,"R (>= 2.9.0), methods, DBI (>= 0.3)",NA,NA,NA,NA,GPL-2 | file LICENSE,NA,NA,NA,NA,yes,3.4.1
RSQLite,/home/rstudio/packages,2.0,NA,R (>= 3.1.0),"bit64, blob (>= 1.1), DBI (>= 0.4-9), memoise, methods,
pkgconfig, Rcpp (>= 0.12.7)","Rcpp, BH, plogr","DBItest, knitr, rmarkdown, testthat",NA,LGPL (>= 2),NA,NA,NA,NA,yes,3.4.0
RSkittleBrewer,/home/rstudio/packages,1.1,NA,NA,"graphics, stats, grDevices",NA,"knitr, rmarkdown,",NA,MIT + file LICENSE,NA,NA,NA,NA,NA,3.4.0
RUnit,/home/rstudio/packages,0.4.31,NA,"R (>= 2.5.0), utils (>= 2.5.0), methods (>= 2.5.0), graphics
(>= 2.5.0)",NA,NA,XML (>= 3.1.0),NA,GPL-2,NA,NA,NA,NA,no,3.4.1
Rcpp,/home/rstudio/packages,0.12.13,NA,R (>= 3.0.0),"methods, utils",NA,"RUnit, inline, rbenchmark, knitr, rmarkdown, pinp, pkgKitten
(>= 0.1.2)",NA,GPL (>= 2),NA,NA,NA,NA,yes,3.4.2
RcppArmadillo,/home/rstudio/packages,0.7.960.1.2,NA,NA,"Rcpp (>= 0.11.0), stats, utils, methods",Rcpp,"RUnit, Matrix, pkgKitten, reticulate, highlight",NA,GPL (>= 2),NA,NA,NA,NA,yes,3.4.1
RcppEigen,/usr/local/lib/R/site-library,0.3.2.8.1,NA,R (>= 2.15.1),"Matrix (>= 1.1-0), Rcpp (>= 0.11.0), stats, utils",Rcpp,"inline, RUnit, pkgKitten",NA,GPL (>= 2) | file LICENSE,NA,NA,NA,NA,yes,3.3.0
RcppParallel,/usr/local/lib/R/site-library,4.3.19,NA,R (>= 3.0.2),NA,BH (>= 1.60.0-1),"Rcpp, RUnit, knitr, rmarkdown",NA,GPL-2,NA,NA,NA,NA,yes,3.3.0
RcppRoll,/home/rstudio/packages,0.2.2,NA,R (>= 2.15.1),Rcpp,Rcpp,"zoo, microbenchmark, testthat, RcppArmadillo",NA,GPL (>= 2),NA,NA,NA,NA,yes,3.4.1
RgoogleMaps,/home/rstudio/packages,1.4.1,NA,R (>= 2.10),"graphics, stats, utils, grDevices, methods, png",NA,"PBSmapping, maptools, sp, loa, RColorBrewer, leaflet",NA,GPL,NA,NA,NA,NA,no,3.4.0
Rttf2pt1,/home/rstudio/packages,1.3.4,NA,R (>= 2.15),NA,NA,NA,NA,file LICENSE,yes,NA,NA,NA,yes,3.4.0
S4Vectors,/home/rstudio/packages,0.14.3,NA,"R (>= 3.3.0), methods, utils, stats, stats4, BiocGenerics (>=
0.21.1)","methods, utils, stats, stats4, BiocGenerics",NA,"IRanges, GenomicRanges, Matrix, ShortRead, graph, data.table,
RUnit",NA,Artistic-2.0,NA,NA,NA,NA,yes,3.4.0
SentimentAnalysis,/home/rstudio/packages,1.2-0,NA,R (>= 2.10),"tm (>= 0.6), qdapDictionaries, ngramrr (>= 0.1), moments,
stringdist, SnowballC, XML, glmnet, spikeslab (>= 1.1),
ggplot2, mgcv",NA,"testthat, knitr, rmarkdown",NA,MIT + file LICENSE,NA,NA,NA,NA,no,3.4.1
SnowballC,/home/rstudio/packages,0.5.1,NA,NA,NA,NA,NA,NA,BSD_2_clause + file LICENSE,NA,NA,NA,NA,yes,3.4.0
SparseM,/home/rstudio/packages,1.77,NA,"R (>= 2.15), methods","graphics, stats, utils",NA,NA,NA,GPL (>= 2),NA,NA,NA,NA,yes,3.4.0
StanHeaders,/home/rstudio/packages,2.16.0-1,NA,NA,NA,NA,"RcppEigen, BH",NA,BSD_3_clause + file LICENSE,NA,NA,NA,NA,yes,3.4.1
TH.data,/home/rstudio/packages,1.0-8,NA,"R (>= 2.10.0), survival, MASS",NA,NA,"dplyr, gdata, plyr",NA,GPL-3,NA,NA,NA,NA,no,3.4.1
TTR,/home/rstudio/packages,0.23-2,NA,NA,"xts (>= 0.10-0), zoo, curl",xts,RUnit,quantmod,GPL-2,NA,NA,NA,NA,yes,3.4.1
UsingR,/home/rstudio/packages,2.0-5,NA,"R (>= 2.15.0), MASS, HistData, Hmisc",NA,NA,"zoo, coin, ggplot2, vcd, lubridate, aplpack",NA,GPL (>= 2),NA,NA,NA,NA,no,3.4.1
V8,/home/rstudio/packages,1.5,NA,NA,"Rcpp (>= 0.12), jsonlite (>= 1.0), curl (>= 1.0), utils",Rcpp,"testthat, knitr, rmarkdown",NA,MIT + file LICENSE,NA,NA,NA,NA,yes,3.4.1
XLConnect,/home/rstudio/packages,0.2-13,NA,"R (>= 2.10.0), XLConnectJars (== 0.2-13)","methods, rJava",NA,"RUnit, lattice, ggplot2 (>= 0.9.3), zoo",NA,GPL-3,NA,NA,NA,NA,no,3.4.1
XLConnectJars,/home/rstudio/packages,0.2-13,NA,NA,rJava,NA,NA,NA,GPL-3,NA,NA,NA,NA,no,3.4.1
XML,/home/rstudio/packages,3.98-1.9,NA,"R (>= 2.13.0), methods, utils",NA,NA,"bitops, RCurl",NA,BSD_2_clause + file LICENSE,NA,NA,NA,NA,yes,3.4.0
abind,/home/rstudio/packages,1.4-5,NA,R (>= 1.5.0),"methods, utils",NA,NA,NA,LGPL (>= 2),NA,NA,NA,NA,no,3.4.0
acepack,/home/rstudio/packages,1.4.1,NA,NA,NA,NA,testthat,NA,MIT + file LICENSE,NA,NA,NA,NA,yes,3.4.1
agridat,/home/rstudio/packages,1.12,NA,NA,"graphics, grDevices, grid, lattice, reshape2, stats",NA,"AER, agricolae (>= 1.2), betareg, car, coin, corrgram,
effects, equivalence, FrF2, gam, gstat, HH, knitr,
latticeExtra, lme4 (>= 1.1-5), lucid, mapproj, maps, MASS,
MCMCglmm, mgcv, nlme, ordinal, pls, pscl, qtl, sp, survival,
vcd",NA,GPL-2,NA,NA,NA,NA,no,3.4.1
annotate,/home/rstudio/packages,1.54.0,NA,"R (>= 2.10), AnnotationDbi (>= 1.27.5), XML","Biobase, DBI, xtable, graphics, utils, stats, methods,
BiocGenerics (>= 0.13.8), RCurl",NA,"hgu95av2.db, genefilter, Biostrings (>= 2.25.10), IRanges,
rae230a.db, rae230aprobe, tkWidgets, GO.db, org.Hs.eg.db,
org.Mm.eg.db, hom.Hs.inp.db, humanCHRLOC, Rgraphviz, RUnit,",NA,Artistic-2.0,NA,NA,NA,NA,no,3.4.0
anytime,/home/rstudio/packages,0.3.0,NA,R (>= 3.2.0),"Rcpp (>= 0.12.9), RApiDatetime","Rcpp (>= 0.12.9), BH, RApiDatetime",gettz,NA,GPL (>= 2),NA,NA,NA,NA,yes,3.4.1
arm,/home/rstudio/packages,1.9-3,NA,"R (>= 3.1.0), MASS, Matrix (>= 1.0), stats, lme4 (>= 1.0)","abind, coda, graphics, grDevices, methods, nlme, utils",NA,NA,NA,GPL (>= 3),NA,NA,NA,NA,no,3.4.0
assertthat,/home/rstudio/packages,0.2.0,NA,NA,tools,NA,testthat,NA,GPL-3,NA,NA,NA,NA,no,3.4.0
backports,/home/rstudio/packages,1.1.1,NA,R (>= 3.0.0),utils,NA,NA,NA,GPL-2,NA,NA,NA,NA,yes,3.4.2
base,/usr/lib/R/library,3.4.2,base,NA,NA,NA,methods,NA,Part of R 3.4.2,NA,NA,NA,NA,NA,3.4.2
base64enc,/home/rstudio/packages,0.1-3,NA,R (>= 2.9.0),NA,NA,NA,png,GPL-2 | GPL-3,NA,NA,NA,NA,yes,3.4.0
bayesplot,/home/rstudio/packages,1.4.0,NA,R (>= 3.1.0),"dplyr (>= 0.7.1), ggplot2 (>= 2.2.1), reshape2, stats, utils,
rlang",NA,"arm, gridExtra (>= 2.2.1), knitr (>= 1.16), loo (>= 1.1.0),
rmarkdown (>= 1.0.0), rstan (>= 2.14.1), rstanarm (>= 2.14.1),
rstantools (>= 1.2.0), scales, shinystan (>= 2.3.0), testthat",NA,GPL (>= 3),NA,NA,NA,NA,no,3.4.1
bdsmatrix,/home/rstudio/packages,1.3-2,NA,"methods, R (>= 2.0.0)",NA,NA,NA,NA,LGPL-2,NA,NA,NA,NA,yes,3.4.1
benchmarkme,/home/rstudio/packages,0.6.0,NA,NA,"Matrix, compiler, httr, methods, benchmarkmeData(>= 0.5.0),
utils, graphics, parallel, doParallel, foreach",NA,"RcppZiggurat, testthat, DT, knitr, ggplot2, rmarkdown",NA,GPL-2 | GPL-3,NA,NA,NA,NA,no,3.4.1
benchmarkmeData,/home/rstudio/packages,0.5.1,NA,NA,"graphics, utils,",NA,"testthat, DT, benchmarkme",NA,GPL-2 | GPL-3,NA,NA,NA,NA,no,3.4.1
bindr,/home/rstudio/packages,0.1,NA,NA,NA,NA,testthat,NA,MIT + file LICENSE,NA,NA,NA,NA,no,3.4.0
bindrcpp,/home/rstudio/packages,0.2,NA,NA,"Rcpp, bindr","Rcpp, plogr",testthat,NA,MIT + file LICENSE,NA,NA,NA,NA,yes,3.4.0
bit,/home/rstudio/packages,1.1-12,NA,R (>= 2.9.2),NA,NA,NA,NA,GPL-2,NA,NA,NA,NA,yes,3.4.0
bit64,/home/rstudio/packages,0.9-7,NA,"R (>= 3.0.1), bit (>= 1.1-12), utils, methods, stats",NA,NA,NA,NA,GPL-2,NA,NA,NA,NA,yes,3.4.0
bitops,/usr/local/lib/R/site-library,1.0-6,NA,NA,NA,NA,NA,NA,GPL (>= 2),NA,NA,NA,NA,yes,3.3.0
blob,/home/rstudio/packages,1.1.0,NA,NA,tibble,NA,"testthat, covr",NA,GPL-3,NA,NA,NA,NA,no,3.4.0
boot,/home/rstudio/packages,1.3-20,recommended,"R (>= 3.0.0), graphics, stats",NA,NA,"MASS, survival",NA,Unlimited,NA,NA,NA,NA,no,3.4.1
bootstrap,/home/rstudio/packages,2017.2,NA,"stats, R (>= 2.10.0)",NA,NA,NA,NA,BSD_3_clause + file LICENSE,NA,NA,NA,NA,yes,3.4.1
brew,/home/rstudio/packages,1.0-6,NA,NA,NA,NA,NA,NA,GPL-2,NA,NA,NA,NA,NA,3.4.1
broom,/home/rstudio/packages,0.4.2,NA,NA,"plyr, dplyr, tidyr, psych, stringr, reshape2, nlme, methods",NA,"knitr, boot, survival, gam, glmnet, lfe, Lahman, MASS, sp,
maps, maptools, multcomp, testthat, lme4, zoo, lmtest, plm,
biglm, ggplot2, nnet, geepack, AUC, ergm, network,
statnet.common, xergm, btergm, binGroup, Hmisc, bbmle, gamlss,
rstan, rstanarm, brms, coda, gmm, Matrix, ks, purrr, orcutt,
mgcv, lmodel2, poLCA, mclust, covr, lsmeans, betareg, robust,
akima",NA,MIT + file LICENSE,NA,NA,NA,NA,no,3.4.0
bsts,/home/rstudio/packages,0.7.1,NA,"BoomSpikeSlab (>= 0.9.0), zoo, xts, Boom (>= 0.7), R(>= 3.3.1)",NA,"Boom (>= 0.7), BH (>= 1.15.0-2)",NA,NA,LGPL-2.1 | file LICENSE,NA,NA,NA,NA,yes,3.4.0
caTools,/usr/local/lib/R/site-library,1.17.1,NA,R (>= 2.2.0),bitops,NA,"MASS, rpart",NA,GPL-3,NA,NA,NA,NA,yes,3.3.0
callr,/home/rstudio/packages,1.0.0,NA,NA,NA,NA,"covr, testthat",NA,MIT + file LICENSE,NA,NA,NA,NA,no,3.4.1
car,/home/rstudio/packages,2.1-5,NA,R (>= 3.2.0),"MASS, mgcv, nnet, pbkrtest (>= 0.4-4), quantreg, grDevices,
utils, stats, graphics",NA,"alr4, boot, coxme, leaps, lme4, lmtest, Matrix, MatrixModels,
nlme, rgl (>= 0.93.960), sandwich, SparseM, survival, survey,
nloptr",NA,GPL (>= 2),NA,NA,NA,NA,no,3.4.1
caret,/home/rstudio/packages,6.0-77,NA,"R (>= 2.10), lattice (>= 0.20), ggplot2","foreach, methods, plyr, ModelMetrics (>= 1.1.0), nlme,
reshape2, stats, stats4, utils, grDevices, recipes (>= 0.0.1),
withr (>= 2.0.0)",NA,"BradleyTerry2, e1071, earth (>= 2.2-3), fastICA, gam, ipred,
kernlab, klaR, MASS, ellipse, mda, mgcv, mlbench, MLmetrics,
nnet, party (>= 0.9-99992), pls, pROC, proxy, randomForest,
RANN, spls, subselect, pamr, superpc, Cubist, testthat (>=
0.9.1)",NA,GPL (>= 2),NA,NA,NA,NA,yes,3.4.1
cellranger,/home/rstudio/packages,1.1.0,NA,R (>= 3.0.0),"rematch, tibble",NA,"covr, testthat (>= 1.0.0), knitr, rmarkdown",NA,MIT + file LICENSE,NA,NA,NA,NA,no,3.4.0
checkmate,/home/rstudio/packages,1.8.4,NA,R (>= 3.0.0),"backports (>= 1.1.0), utils",NA,"R6, bit, data.table (>= 1.9.8), devtools, ggplot2, knitr,
magrittr, microbenchmark, rmarkdown, testthat (>= 0.11.0),
tibble",NA,BSD_3_clause + file LICENSE,NA,NA,NA,NA,yes,3.4.2
chron,/home/rstudio/packages,2.3-50,NA,R (>= 2.12.0),"graphics, stats",NA,"scales, ggplot2",zoo,GPL-2,NA,NA,NA,NA,yes,3.4.1
class,/usr/lib/R/library,7.3-14,recommended,"R (>= 3.0.0), stats, utils",MASS,NA,NA,NA,GPL-2 | GPL-3,NA,NA,NA,NA,yes,3.4.0
clipr,/home/rstudio/packages,0.3.3,NA,NA,utils,NA,"rstudioapi (>= 0.5), testthat",NA,GPL-3,NA,NA,NA,NA,no,3.4.1
cluster,/usr/lib/R/library,2.0.6,recommended,R (>= 3.0.1),"graphics, grDevices, stats, utils",NA,MASS,NA,GPL (>= 2),NA,NA,NA,NA,yes,3.4.0
coda,/usr/lib/R/site-library,0.18-1,NA,R (>= 2.14.0),lattice,NA,NA,NA,GPL (>= 2),NA,NA,NA,NA,no,3.2.2
codetools,/usr/lib/R/library,0.2-15,recommended,R (>= 2.1),NA,NA,NA,NA,GPL,NA,NA,NA,NA,no,3.3.1
colformat,/home/rstudio/packages,0.0.0.9000,NA,NA,crayon,NA,testthat,NA,GPL-3,NA,NA,NA,NA,NA,3.4.0
colorspace,/usr/local/lib/R/site-library,1.2-6,NA,"R (>= 2.13.0), methods",graphics,NA,"KernSmooth, MASS, kernlab, mvtnorm, vcd, dichromat, tcltk",NA,BSD_3_clause + file LICENSE,NA,NA,NA,NA,yes,3.3.0
colourpicker,/home/rstudio/packages,1.0,NA,R (>= 3.1.0),"ggplot2, htmltools, htmlwidgets (>= 0.7), jsonlite, miniUI (>=
0.1.1), shiny (>= 0.11.1), shinyjs, utils",NA,"knitr (>= 1.7), rmarkdown, rstudioapi (>= 0.5)",NA,MIT + file LICENSE,NA,NA,NA,NA,no,3.4.2
commonmark,/home/rstudio/packages,1.4,NA,NA,NA,NA,curl,NA,BSD_2_clause + file LICENSE,NA,NA,NA,NA,yes,3.4.1
compiler,/usr/lib/R/library,3.4.2,base,NA,NA,NA,NA,NA,Part of R 3.4.2,NA,NA,NA,NA,NA,3.4.2
config,/home/rstudio/packages,0.2,NA,NA,yaml (>= 2.1.13),NA,"testthat, knitr",NA,GPL-3,NA,NA,NA,NA,no,3.4.1
covr,/home/rstudio/packages,3.0.0,NA,"R (>= 3.1.0), methods","stats, utils, jsonlite, rex, httr, crayon, withr (>= 1.0.2)",NA,"R6, knitr, rmarkdown, shiny (>= 0.11.1), htmltools,
htmlwidgets (>= 0.7), DT (>= 0.2), testthat, rstudioapi (>=
0.2), devtools, xml2 (>= 1.0.0), parallel, memoise",NA,GPL-3,NA,NA,NA,NA,yes,3.4.1
cranlogs,/home/rstudio/packages,2.1.0,NA,NA,"httr, jsonlite",NA,NA,NA,MIT + file LICENSE,NA,NA,NA,NA,no,3.4.1
crayon,/home/rstudio/packages,1.3.4,NA,NA,"grDevices, methods, utils",NA,"mockery, rstudioapi, testthat, withr",NA,MIT + file LICENSE,NA,NA,NA,NA,no,3.4.1
crosstalk,/home/rstudio/packages,1.0.0,NA,NA,"htmltools (>= 0.3.5), jsonlite, lazyeval, R6, shiny (>= 0.11),
ggplot2",NA,NA,NA,MIT + file LICENSE,NA,NA,NA,NA,no,3.4.1
curl,/home/rstudio/packages,2.8.1,NA,R (>= 3.0.0),NA,NA,"testthat (>= 1.0.0), knitr, jsonlite, rmarkdown, magrittr,
httpuv, webutils",NA,MIT + file LICENSE,NA,NA,NA,NA,yes,3.4.1
data.table,/home/rstudio/packages,1.10.4,NA,R (>= 3.0.0),methods,NA,"bit64, knitr, nanotime, chron, ggplot2 (>= 0.9.0), plyr,
reshape, reshape2, testthat (>= 0.4), hexbin, fastmatch, nlme,
xts, gdata, GenomicRanges, caret, curl, zoo, plm, rmarkdown,
parallel",NA,GPL-3 | file LICENSE,NA,NA,NA,NA,yes,3.4.0
data.world,/home/rstudio/packages,1.1.1,NA,R (>= 3.3.0),"dwapi, httr, ini",NA,"testthat, knitr, rmarkdown, readr",NA,Apache License 2.0,NA,NA,NA,NA,no,3.4.0
datapasta,/home/rstudio/packages,2.0.0,NA,R (>= 3.3.0),"readr (>= 1.0.0), clipr (>= 0.3.0), rstudioapi (>= 0.6)",NA,"tibble (>= 1.2), testthat, knitr, rmarkdown",NA,MIT + file LICENSE,NA,NA,NA,NA,no,3.4.1
datasets,/usr/lib/R/library,3.4.2,base,NA,NA,NA,NA,NA,Part of R 3.4.2,NA,NA,NA,NA,NA,3.4.2
dbplyr,/home/rstudio/packages,1.1.0,NA,R (>= 3.1.2),"assertthat, DBI (>= 0.5), dplyr (>= 0.5.0.9004), glue,
methods, purrr, rlang (>= 0.1.0), tibble (>= 1.3.0.9007), R6,
utils",NA,"covr, knitr, Lahman (>= 3.0-1), nycflights13, rmarkdown,
RSQLite (>= 1.0.0), RMySQL, RPostgreSQL, testthat",NA,MIT + file LICENSE,NA,NA,NA,NA,no,3.4.1
ddalpha,/home/rstudio/packages,1.3.1,NA,"stats, utils, graphics, grDevices, MASS, class, robustbase,
sfsmisc",Rcpp (>= 0.11.0),"BH, Rcpp",NA,NA,GPL-2,NA,NA,NA,NA,yes,3.4.2
deSolve,/home/rstudio/packages,1.20,NA,R (>= 2.15.0),"methods, graphics, grDevices, stats",NA,scatterplot3d,NA,GPL (>= 2),NA,NA,NA,NA,yes,3.4.1
debugme,/home/rstudio/packages,1.0.2,NA,NA,"crayon, grDevices",NA,"covr, mockery, testthat, withr",NA,MIT + file LICENSE,NA,NA,NA,NA,no,3.4.1
deldir,/home/rstudio/packages,0.1-14,NA,R (>= 0.99),"graphics, grDevices",NA,polyclip,NA,GPL (>= 2),NA,NA,NA,NA,yes,3.4.1
desc,/home/rstudio/packages,1.1.1,NA,R (>= 3.1.0),"assertthat, utils, R6, crayon, rprojroot",NA,"covr, testthat, whoami, withr",NA,MIT + file LICENSE,NA,NA,NA,NA,no,3.4.1
devtools,/home/rstudio/packages,1.13.3,NA,R (>= 3.0.2),"httr (>= 0.4), utils, tools, methods, memoise (>= 1.0.0),
whisker, digest, rstudioapi (>= 0.2.0), jsonlite, stats, git2r
(>= 0.11.0), withr",NA,"curl (>= 0.9), crayon, testthat (>= 1.0.2), BiocInstaller,
Rcpp (>= 0.10.0), MASS, rmarkdown, knitr, hunspell (>= 2.0),
lintr (>= 0.2.1), bitops, roxygen2 (>= 5.0.0), evaluate,
rversions, covr, gmailr (> 0.7.0)",NA,GPL (>= 2),NA,NA,NA,NA,no,3.4.1
dichromat,/usr/local/lib/R/site-library,2.0-0,NA,"R (>= 2.10), stats",NA,NA,NA,NA,GPL-2,NA,NA,NA,NA,NA,3.3.0
digest,/home/rstudio/packages,0.6.12,NA,R (>= 2.4.1),NA,NA,"knitr, rmarkdown",NA,GPL (>= 2),NA,NA,NA,NA,yes,3.4.0
dimRed,/home/rstudio/packages,0.1.0,NA,"R (>= 3.0.0), methods, DRR",NA,NA,"MASS, Matrix, RANN, RSpectra, Rtsne, coRanking, diffusionMap,
energy, fastICA, ggplot2, graphics, igraph, kernlab, lle, loe,
optimx, pcaPP, rgl, scales, scatterplot3d, stats, testthat,
tidyr, vegan",NA,GPL-3 | file LICENSE,NA,NA,NA,NA,yes,3.4.1
doParallel,/home/rstudio/packages,1.0.11,NA,"R (>= 2.14.0), foreach(>= 1.2.0), iterators(>= 1.0.0),
parallel, utils",NA,NA,"caret, mlbench, rpart","compiler, RUnit",GPL-2,NA,NA,NA,NA,no,3.4.2
docxtractr,/home/rstudio/packages,0.2.0,NA,R (>= 3.0.0),"tools, xml2, tibble, purrr, dplyr, utils",NA,testthat,NA,MIT + file LICENSE,NA,NA,NA,NA,no,3.4.1
dotCall64,/home/rstudio/packages,0.9-04,NA,R (>= 3.1),NA,NA,"microbenchmark, OpenMPController, RColorBrewer, roxygen2,
spam, testthat,",NA,GPL (>= 2),NA,NA,NA,NA,yes,3.4.1
downloader,/home/rstudio/packages,0.4,NA,NA,"utils, digest",NA,testthat,NA,GPL-2,NA,NA,NA,NA,no,3.4.1
dplyr,/home/rstudio/packages,0.7.4,NA,R (>= 3.1.2),"assertthat, bindrcpp (>= 0.2), glue (>= 1.1.1), magrittr,
methods, pkgconfig, rlang (>= 0.1.2), R6, Rcpp (>= 0.12.7),
tibble (>= 1.3.1), utils","Rcpp (>= 0.12.0), BH (>= 1.58.0-1), bindrcpp, plogr","bit64, covr, dbplyr, dtplyr, DBI, ggplot2, hms, knitr, Lahman
(>= 3.0-1), mgcv, microbenchmark, nycflights13, rmarkdown,
RMySQL, RPostgreSQL, RSQLite, testthat, withr",NA,MIT + file LICENSE,NA,NA,NA,NA,yes,3.4.2
dtplyr,/home/rstudio/packages,0.0.2,NA,NA,"dplyr (>= 0.5.0), data.table, lazyeval",NA,"Lahman, nycflights13, testthat, covr",NA,GPL (>= 2),NA,NA,NA,NA,no,3.4.1
dwapi,/home/rstudio/packages,0.1.1,NA,R (>= 3.3.0),"httr, readr, rjson, xml2",NA,"knitr, rmarkdown, testthat",NA,Apache License 2.0,NA,NA,NA,NA,no,3.4.0
dygraphs,/home/rstudio/packages,1.1.1.4,NA,R (>= 3.0),"magrittr, htmlwidgets (>= 0.6), htmltools (>= 0.3.5), zoo (>=
1.7-10), xts (>= 0.9-7)",NA,testthat,"rmarkdown (>= 0.3.3), shiny (>= 0.10.2.1)",MIT + file LICENSE,NA,NA,NA,NA,no,3.4.1
e1071,/home/rstudio/packages,1.6-8,NA,NA,"graphics, grDevices, class, stats, methods, utils",NA,"cluster, mlbench, nnet, randomForest, rpart, SparseM, xtable,
Matrix, MASS",NA,GPL-2,NA,NA,NA,NA,yes,3.4.1
efficient,/home/rstudio/packages,0.1.3,NA,R (>= 3.2),"Rcpp, stats",NA,"knitr, rmarkdown, benchmarkme, microbenchmark, ggplot2,
dplyr, stringr, scales, ggmap, pryr, memoise",NA,GPL-3 | GPL-2,NA,NA,NA,NA,no,3.4.0
ellipse,/home/rstudio/packages,0.3-8,NA,"R (>= 2.0.0),graphics,stats",NA,NA,MASS,NA,GPL (>= 2),NA,NA,NA,NA,no,3.4.1
epade,/home/rstudio/packages,0.3.8,NA,"plotrix, R (>= 2.14)",NA,NA,"survival, Hmisc",NA,GPL (>= 2),NA,NA,NA,NA,no,3.4.1
estimability,/home/rstudio/packages,1.2,NA,stats,NA,NA,NA,NA,GPL (>= 3),NA,NA,NA,NA,no,3.4.1
evaluate,/home/rstudio/packages,0.10.1,NA,R (>= 3.0.2),"methods, stringr (>= 0.6.2)",NA,"testthat, lattice, ggplot2",NA,MIT + file LICENSE,NA,NA,NA,NA,no,3.4.0
expm,/home/rstudio/packages,0.999-2,NA,Matrix,methods,NA,"RColorBrewer, sfsmisc, Rmpfr",NA,GPL (>= 2),NA,NA,NA,NA,yes,3.4.1
extraDistr,/home/rstudio/packages,1.8.7,NA,R (>= 3.1.0),Rcpp,Rcpp,testthat,NA,GPL-2,NA,NA,NA,NA,yes,3.4.1
extrafont,/home/rstudio/packages,0.17,NA,R (>= 2.15),"extrafontdb, grDevices, utils, Rttf2pt1",NA,fontcm,NA,GPL-2,NA,NA,NA,NA,no,3.4.0
extrafontdb,/home/rstudio/packages,1.0,NA,R (>= 2.14),NA,NA,NA,NA,GPL-2,NA,NA,NA,NA,NA,3.4.0
farff,/home/rstudio/packages,1.0,NA,NA,"BBmisc, checkmate (>= 1.8.0), stringi, readr (>= 1.0.0)",NA,"RWeka, testthat, OpenML",NA,BSD_2_clause + file LICENSE,NA,NA,NA,NA,yes,3.4.1
filehash,/home/rstudio/packages,2.4-1,NA,"R (>= 3.0.0), methods",NA,NA,NA,NA,GPL (>= 2),NA,NA,NA,NA,yes,3.4.1
fitdistrplus,/home/rstudio/packages,1.0-9,NA,"R (>= 3.2.0), MASS, grDevices, survival, methods",stats,NA,"actuar, rgenoud, mc2d, gamlss.dist, knitr, knitcitations,
ggplot2, GeneralizedHyperbolic",NA,GPL (>= 2),NA,NA,NA,NA,no,3.4.2
forcats,/home/rstudio/packages,0.2.0,NA,R (>= 2.10),"tibble, magrittr",NA,"ggplot2, testthat, covr",NA,GPL-3,NA,NA,NA,NA,no,3.4.0
foreach,/home/rstudio/packages,1.4.3,NA,R (>= 2.5.0),"codetools, utils, iterators",NA,randomForest,"compiler, doMC, RUnit, doParallel",Apache License (== 2.0),NA,NA,NA,NA,no,3.4.1
forecast,/home/rstudio/packages,8.2,NA,"R (>= 3.0.2),","stats, graphics, tseries, fracdiff, Rcpp (>= 0.11.0), nnet,
colorspace, parallel, ggplot2 (>= 2.0.0), magrittr, lmtest,
zoo, timeDate","Rcpp (>= 0.11.0), RcppArmadillo (>= 0.2.35)","testthat, knitr, rmarkdown, expsmooth, rticles",NA,GPL-3,NA,NA,NA,NA,yes,3.4.2
foreign,/home/rstudio/packages,0.8-69,recommended,R (>= 3.0.0),"methods, utils, stats",NA,NA,NA,GPL (>= 2),NA,NA,NA,NA,yes,3.4.0
formatR,/usr/local/lib/R/site-library,1.3,NA,R (>= 3.0.2),NA,NA,"codetools, shiny, testit, knitr",NA,GPL,NA,NA,NA,NA,no,3.3.0
fracdiff,/home/rstudio/packages,1.4-2,NA,NA,NA,NA,"longmemo, urca",NA,GPL (>= 2),NA,NA,NA,NA,NA,3.4.0
fts,/home/rstudio/packages,0.9.9,NA,"utils, stats, zoo",NA,BH,NA,NA,GPL-3,NA,NA,NA,NA,yes,3.4.1
fuzzyjoin,/home/rstudio/packages,0.1.3,NA,R (>= 2.10),"stringdist, stringr, dplyr, tidyr (>= 0.4.0), purrr, geosphere",NA,"testthat, knitr, ggplot2, qdapDictionaries, readr, rvest,
rmarkdown, maps, IRanges, covr",NA,MIT + file LICENSE,NA,NA,NA,NA,no,3.4.1
gapminder,/home/rstudio/packages,0.2.0,NA,R (>= 3.1.0),NA,NA,"dplyr, ggplot2, testthat",NA,CC0,NA,NA,NA,NA,no,3.4.0
gdata,/home/rstudio/packages,2.18.0,NA,R (>= 2.3.0),"gtools, stats, methods, utils",NA,RUnit,NA,GPL-2,NA,NA,NA,NA,no,3.4.0
genefilter,/home/rstudio/packages,1.58.1,NA,NA,"S4Vectors (>= 0.9.42), AnnotationDbi, annotate, Biobase,
graphics, methods, stats, survival",NA,"class, hgu95av2.db, tkWidgets, ALL, ROC, DESeq, pasilla,
BiocStyle, knitr",NA,Artistic-2.0,NA,NA,NA,NA,yes,3.4.0
geosphere,/home/rstudio/packages,1.5-5,NA,"sp, R (>= 3.0.0)",NA,NA,"methods, raster",NA,GPL (>= 3),NA,NA,NA,NA,yes,3.4.0
ggmap,/home/rstudio/packages,2.6.1,NA,"R (>= 2.14.0), ggplot2 (>= 2.0.0)","proto, RgoogleMaps, png, plyr, reshape2, rjson, mapproj, jpeg,
geosphere, digest, scales",NA,"MASS, stringr, hexbin, dplyr",NA,GPL-2,NA,NA,NA,NA,no,3.4.0
ggplot2,/usr/local/lib/R/site-library,2.1.0,NA,R (>= 3.1),"digest, grid, gtable (>= 0.1.1), MASS, plyr (>= 1.7.1),
reshape2, scales (>= 0.3.0), stats",NA,"covr, ggplot2movies, hexbin, Hmisc, lattice, mapproj, maps,
maptools, mgcv, multcomp, nlme, testthat (>= 0.11.0), quantreg,
knitr, rpart, rmarkdown, svglite",sp,GPL-2,NA,NA,NA,NA,no,3.3.0
ggplot2movies,/home/rstudio/packages,0.0.1,NA,R (>= 2.10.0),NA,NA,NA,NA,GPL-3,NA,NA,NA,NA,no,3.4.1
ggrepel,/home/rstudio/packages,0.7.0,NA,"R (>= 3.0.0), ggplot2 (>= 2.2.0)","grid, Rcpp, scales (>= 0.3.0)",Rcpp,"knitr, rmarkdown, testthat",NA,GPL-3 | file LICENSE,NA,NA,NA,NA,yes,3.4.2
ggvis,/home/rstudio/packages,0.4.3,NA,R (>= 3.0),"assertthat, jsonlite (>= 0.9.11), shiny (>= 0.11.1), magrittr,
dplyr (>= 0.4.0), lazyeval, htmltools (>= 0.2.4), methods",NA,"MASS, mgcv, lubridate, testthat (>= 0.8.1), knitr (>= 1.6),
rmarkdown",NA,GPL-2 | file LICENSE,NA,NA,NA,NA,no,3.4.1
git2r,/home/rstudio/packages,0.19.0,NA,"R (>= 3.0.2), methods","graphics, utils",NA,getPass,NA,GPL-2,NA,NA,NA,NA,yes,3.4.1
githubinstall,/home/rstudio/packages,0.2.1,NA,NA,"curl, data.table, devtools, httr, jsonlite, utils",NA,"testthat, ggplot2, lubridate, knitr, rmarkdown",NA,MIT + file LICENSE,NA,NA,NA,NA,no,3.4.1
glmnet,/home/rstudio/packages,2.0-13,NA,"Matrix (>= 1.0-6), utils, foreach",methods,NA,"survival, knitr, lars",NA,GPL-2,NA,NA,NA,NA,yes,3.4.1
glue,/home/rstudio/packages,1.1.1,NA,R (>= 3.0.0),methods,NA,"testthat, covr, magrittr",NA,MIT + file LICENSE,NA,NA,NA,NA,yes,3.4.0
gmodels,/home/rstudio/packages,2.16.2,NA,R (>= 1.9.0),"MASS, gdata",NA,"gplots, gtools, Matrix, nlme, lme4 (>= 0.999999-0)",NA,GPL-2,NA,NA,NA,NA,no,3.4.1
gmp,/usr/local/lib/R/site-library,0.5-12,NA,NA,methods,NA,Rmpfr,NA,GPL,NA,NA,NA,NA,yes,3.3.0
goftest,/home/rstudio/packages,1.1-1,NA,R (>= 3.3),stats,NA,NA,NA,GPL (>= 2),NA,NA,NA,NA,yes,3.4.1
gower,/home/rstudio/packages,0.1.2,NA,NA,NA,NA,"testthat, knitr, rmarkdown",NA,GPL-3,NA,NA,NA,NA,yes,3.4.1
gplots,/home/rstudio/packages,3.0.1,NA,R (>= 3.0),"gtools, gdata, stats, caTools, KernSmooth",NA,"grid, MASS",NA,GPL-2,NA,NA,NA,NA,no,3.4.0
grDevices,/usr/lib/R/library,3.4.2,base,NA,NA,NA,KernSmooth,NA,Part of R 3.4.2,NA,NA,NA,NA,yes,3.4.2
graphics,/usr/lib/R/library,3.4.2,base,NA,grDevices,NA,NA,NA,Part of R 3.4.2,NA,NA,NA,NA,yes,3.4.2
grid,/usr/lib/R/library,3.4.2,base,NA,"grDevices, utils",NA,lattice,NA,Part of R 3.4.2,NA,NA,NA,NA,yes,3.4.2
gridBase,/home/rstudio/packages,0.4-7,NA,R (>= 2.3.0),"graphics, grid",NA,lattice,NA,GPL,NA,NA,NA,NA,no,3.4.0
gridExtra,/usr/local/lib/R/site-library,2.2.1,NA,NA,"gtable, grid, grDevices, graphics, utils",NA,"ggplot2, lattice, knitr, testthat",NA,GPL (>= 2),NA,NA,NA,NA,no,3.3.0
gsubfn,/home/rstudio/packages,0.6-6,NA,"R (>= 2.15.0), proto",NA,NA,"boot, chron, doBy, grid, lattice, quantreg, reshape, svUnit,
tcltk, zoo",NA,GPL (>= 2),NA,NA,NA,NA,no,3.4.1
gtable,/usr/local/lib/R/site-library,0.2.0,NA,R (>= 2.14),grid,NA,"testthat, covr",NA,GPL-2,NA,NA,NA,NA,no,3.3.0
gtools,/home/rstudio/packages,3.5.0,NA,R (>= 2.10),NA,NA,NA,NA,GPL-2,NA,NA,NA,NA,yes,3.4.0
gutenbergr,/home/rstudio/packages,0.1.3,NA,R (>= 2.10),"dplyr, readr, purrr, urltools, stringr, lazyeval",NA,"knitr, rmarkdown, testthat, tidytext, ggplot2, tidyr",NA,GPL-2,NA,NA,NA,NA,no,3.4.0
h2o,/home/rstudio/packages,3.14.0.3,NA,"R (>= 2.13.0), methods, stats","graphics, tools, utils, RCurl, jsonlite",NA,"ggplot2, mlbench, Matrix, slam, bit64 (>= 0.9.7), data.table
(>= 1.9.8)",NA,Apache License (== 2.0),NA,NA,NA,NA,no,3.4.2
haven,/home/rstudio/packages,1.1.0,NA,R (>= 3.1.0),"Rcpp (>= 0.11.4), readr (>= 0.1.0), hms, tibble, forcats (>=
0.2.0)",Rcpp,"testthat, knitr, rmarkdown, covr",NA,MIT + file LICENSE,NA,NA,NA,NA,yes,3.4.1
highr,/usr/local/lib/R/site-library,0.5.1,NA,R (>= 3.0.2),NA,NA,"knitr, testit",NA,GPL,NA,NA,NA,NA,no,3.3.0
hms,/home/rstudio/packages,0.3,NA,NA,methods,NA,"testthat, lubridate",NA,GPL-3,NA,NA,NA,NA,no,3.4.0
hrbrthemes,/home/rstudio/packages,0.1.0,NA,R (>= 3.2.0),"ggplot2 (>= 2.2.1), grid, scales, extrafont, hunspell,
stringi, purrr",NA,"testthat, dplyr, knitr, rmarkdown, gridExtra",NA,MIT + file LICENSE,NA,NA,NA,NA,no,3.4.0
htmlTable,/home/rstudio/packages,1.9,NA,NA,"stringr, knitr (>= 1.6), magrittr (>= 1.5), methods,
checkmate, htmlwidgets",NA,"testthat, XML, xtable, ztable, Hmisc, reshape, rmarkdown,
pander, chron, lubridate",NA,GPL (>= 3),NA,NA,NA,NA,no,3.4.1
htmltools,/usr/local/lib/R/site-library,0.3.5,NA,R (>= 2.14.1),"utils, digest, Rcpp",Rcpp,"markdown, testthat",knitr,GPL (>= 2),NA,NA,NA,NA,yes,3.3.0
htmlwidgets,/home/rstudio/packages,0.9,NA,NA,"htmltools (>= 0.3), jsonlite (>= 0.9.16), yaml",NA,knitr (>= 1.8),shiny (>= 0.12),MIT + file LICENSE,NA,NA,NA,NA,no,3.4.1
httpuv,/usr/local/lib/R/site-library,1.3.3,NA,"R (>= 2.15.1), methods","Rcpp (>= 0.11.0), utils",Rcpp,NA,NA,GPL-3 | file LICENSE,NA,NA,NA,NA,yes,3.3.0
httr,/home/rstudio/packages,1.3.1,NA,R (>= 3.0.0),"jsonlite, mime, curl (>= 0.9.1), openssl (>= 0.8), R6",NA,"httpuv, jpeg, knitr, png, testthat (>= 0.8.0), readr, xml2,
rmarkdown, covr",NA,MIT + file LICENSE,NA,NA,NA,NA,no,3.4.1
hunspell,/home/rstudio/packages,2.6,NA,NA,"Rcpp, digest",Rcpp,"testthat, devtools, pdftools, janeaustenr, wordcloud2, knitr,
rmarkdown",NA,GPL-2 | LGPL-2.1 | MPL-1.1,NA,NA,NA,NA,yes,3.4.1
ibdreg,/home/rstudio/packages,0.2.5,NA,R (>= 2.15.0),NA,NA,NA,NA,GPL-2 | file LICENSE,NA,NA,NA,NA,yes,3.4.1
igraph,/home/rstudio/packages,1.1.2,NA,methods,"graphics, grDevices, irlba, magrittr, Matrix, pkgconfig (>=
2.0.0), stats, utils",NA,"ape, graph, igraphdata, NMF, rgl, scales, stats4, tcltk,
testthat",NA,GPL (>= 2),NA,NA,NA,NA,yes,3.4.1
ini,/home/rstudio/packages,0.3.0,NA,NA,NA,NA,testthat,NA,GPL-3,NA,NA,NA,NA,no,3.4.2
inline,/home/rstudio/packages,0.3.14,NA,"R (>= 2.4.0), methods",NA,NA,Rcpp (>= 0.11.0),NA,LGPL,NA,NA,NA,NA,no,3.4.1
intervals,/home/rstudio/packages,0.15.1,NA,R (>= 2.9.0),"utils, graphics, methods",NA,NA,NA,Artistic-2.0,NA,NA,NA,NA,yes,3.4.1
ipred,/home/rstudio/packages,0.9-6,NA,R (>= 2.10),"rpart (>= 3.1-8), MASS, survival, nnet, class, prodlim",NA,"mvtnorm, mlbench, TH.data",NA,GPL (>= 2),NA,NA,NA,NA,yes,3.4.1
irlba,/home/rstudio/packages,2.2.1,NA,Matrix,"stats, methods",Matrix,NA,NA,GPL-3,NA,NA,NA,NA,yes,3.4.0
iterators,/home/rstudio/packages,1.0.8,NA,"R (>= 2.5.0), utils",NA,NA,RUnit,NA,Apache License (== 2.0),NA,NA,NA,NA,no,3.4.0
janeaustenr,/home/rstudio/packages,0.1.5,NA,R (>= 3.1.2),NA,NA,"dplyr, testthat",NA,MIT + file LICENSE,NA,NA,NA,NA,no,3.4.0
jpeg,/home/rstudio/packages,0.1-8,NA,R (>= 2.9.0),NA,NA,NA,NA,GPL-2 | GPL-3,NA,NA,NA,NA,yes,3.4.0
jsonlite,/usr/local/lib/R/site-library,0.9.19,NA,methods,NA,NA,"curl (>= 0.5), plyr, testthat, knitr, rmarkdown, R.rsp",NA,MIT + file LICENSE,NA,NA,NA,NA,yes,3.3.0
jwatjars,/home/rstudio/packages,0.6.3,NA,"R (>= 3.2.0),
rJava",NA,NA,NA,NA,Apache License 2.0 | file LICENSE,NA,NA,NA,NA,NA,3.4.1
jwatr,/home/rstudio/packages,0.3.0,NA,"R (>= 3.2.0),
rJava,
jwatjars","tibble,
httr,
curl,
stringi,
tools,
stats,
scales",NA,"testthat,
covr,
knitr,
rmarkdown",NA,Apache License 2.0 | file LICENSE,NA,NA,NA,NA,NA,3.4.1
keras,/home/rstudio/packages,2.0.8,NA,R (>= 3.2),"reticulate (>= 1.2), tensorflow (>= 1.4), tfruns (>= 0.9.1),
magrittr, methods, R6, utils",NA,"ggplot2, testthat, knitr, rmarkdown",NA,MIT + file LICENSE,NA,NA,NA,NA,no,3.4.2
kernlab,/home/rstudio/packages,0.9-25,NA,R (>= 2.10),"methods, stats, grDevices, graphics",NA,NA,NA,GPL-2,NA,NA,NA,NA,yes,3.4.1
knitr,/usr/local/lib/R/site-library,1.12.3,NA,R (>= 3.0.2),"evaluate (>= 0.8), digest, formatR, highr, markdown, stringr
(>= 0.6), yaml (>= 2.1.5), methods, tools",NA,"testit, rgl (>= 0.95.1201), codetools, rmarkdown, tikzDevice
(>= 0.9), XML, RCurl",NA,GPL,NA,NA,NA,NA,no,3.3.0
labeling,/usr/local/lib/R/site-library,0.3,NA,NA,NA,NA,NA,NA,MIT + file LICENSE | Unlimited,NA,NA,NA,NA,no,3.3.0
lars,/home/rstudio/packages,1.2,NA,R (>= 2.10),NA,NA,NA,NA,GPL-2,NA,NA,NA,NA,yes,3.4.1
lattice,/usr/lib/R/library,0.20-35,recommended,R (>= 3.0.0),"grid, grDevices, graphics, stats, utils",NA,"KernSmooth, MASS, latticeExtra",chron,GPL (>= 2),NA,NA,NA,NA,yes,3.3.3
latticeExtra,/home/rstudio/packages,0.6-28,NA,"R (>= 2.10.0), lattice, RColorBrewer","grid, stats, utils, grDevices",NA,"maps, mapproj, deldir, tripack, zoo, MASS, quantreg, mgcv",NA,GPL (>= 2),NA,NA,NA,NA,no,3.4.1
lava,/home/rstudio/packages,1.5.1,NA,R (>= 3.0),"grDevices, graphics, methods, numDeriv, stats, survival, utils",NA,"KernSmooth, Matrix, Rgraphviz, ascii, data.table, fields,
foreach, geepack, gof (>= 0.9), graph, igraph (>= 0.6),
lava.tobit, lme4, mets (>= 1.1), optimx, quantreg, rgl,
testthat (>= 0.11), visNetwork, zoo",NA,GPL-3,NA,NA,NA,NA,no,3.4.2
lazyeval,/home/rstudio/packages,0.2.0,NA,R (>= 3.1.0),NA,NA,"knitr, rmarkdown (>= 0.2.65), testthat, covr",NA,GPL-3,NA,NA,NA,NA,yes,3.4.0
leaflet,/home/rstudio/packages,1.1.0,NA,R (>= 3.1.0),"base64enc, crosstalk, htmlwidgets, htmltools, magrittr,
markdown, methods, png, RColorBrewer, raster, scales (>=
0.2.5), sp, stats, viridis",NA,"knitr, maps, sf, shiny, testit (>= 0.4), rgdal, rgeos, R6,
RJSONIO, purrr, testthat",NA,GPL-3,NA,NA,NA,NA,no,3.4.1
learnr,/home/rstudio/packages,0.9,NA,NA,"utils, parallel, withr, rappdirs, rprojroot, jsonlite,
htmltools (>= 0.3.5), htmlwidgets, evaluate, knitr (>= 1.14),
markdown, shiny (>= 1.0), rmarkdown (>= 1.6)",NA,testthat,NA,Apache License 2.0 | file LICENSE,NA,NA,NA,NA,no,3.4.1
littler,/usr/lib/R/site-library,0.3.2,NA,NA,NA,NA,"knitr, docopt, rcmdcheck",NA,GPL (>= 2),NA,NA,unix,NA,yes,3.3.2
lme4,/home/rstudio/packages,1.1-14,NA,"R (>= 3.0.2), Matrix (>= 1.1.1), methods, stats","graphics, grid, splines, utils, parallel, MASS, lattice, nlme
(>= 3.1-123), minqa (>= 1.1.15), nloptr (>= 1.0.4)","Rcpp (>= 0.10.5), RcppEigen","knitr, boot, PKPDmodels, MEMSS, testthat (>= 0.8.1), ggplot2,
mlmRev, optimx (>= 2013.8.6), gamm4, pbkrtest, HSAUR2, numDeriv",NA,GPL (>= 2),NA,NA,NA,NA,yes,3.4.2
lmtest,/home/rstudio/packages,0.9-35,NA,"R (>= 2.10.0), stats, zoo",graphics,NA,"car, strucchange, sandwich, dynlm, stats4, survival, AER",NA,GPL-2 | GPL-3,NA,NA,NA,NA,yes,3.4.0
loo,/home/rstudio/packages,1.1.0,NA,R (>= 3.1.2),"graphics, matrixStats (>= 0.50.0), parallel, stats",NA,"knitr, rmarkdown, rstan, rstanarm, testthat",NA,GPL (>= 3),NA,NA,NA,NA,no,3.4.1
lpSolve,/home/rstudio/packages,5.6.13,NA,NA,NA,NA,NA,NA,LGPL-2,NA,NA,NA,NA,yes,3.4.0
lsmeans,/home/rstudio/packages,2.27-2,NA,"estimability, methods, R (>= 3.2)","graphics, stats, utils, nlme, coda (>= 0.17), multcomp, plyr,
mvtnorm, xtable (>= 1.8-2)",NA,"car, lattice, MCMCpack, mediation, multcompView, ordinal,
pbkrtest (>= 0.4-1), CARBayes, coxme, gee, geepack, glmmADMB,
lme4.0, lme4, lmerTest (>= 2.0.32), MASS, MCMCglmm, nnet, pscl,
rsm, rstan, rstanarm, survival",NA,GPL-2 | GPL-3,NA,NA,NA,NA,no,3.4.1
lubridate,/home/rstudio/packages,1.6.0,NA,"methods, R (>= 3.0.0)",stringr,NA,"testthat, knitr, covr","chron, timeDate, zoo, xts, its, tis, timeSeries, fts, tseries",GPL-2,NA,NA,NA,NA,yes,3.4.0
magick,/home/rstudio/packages,1.3,NA,NA,"Rcpp (>= 0.12.12), magrittr, curl",Rcpp,"knitr, rmarkdown, rsvg, webp, png, pdftools, ggplot2, raster,
rgdal, gapminder, tesseract",NA,MIT + file LICENSE,NA,NA,NA,NA,yes,3.4.1
magrittr,/usr/local/lib/R/site-library,1.5,NA,NA,NA,NA,"testthat, knitr",NA,MIT + file LICENSE,NA,NA,NA,NA,no,3.3.0
manipulate,/home/rstudio/packages,1.0.1,NA,R (>= 2.11.1),NA,NA,NA,NA,GPL-2,NA,NA,NA,NA,no,3.4.1
mapdata,/home/rstudio/packages,2.2-6,NA,"R (>= 2.14.0), maps (>= 2.0-7)",NA,NA,NA,NA,GPL-2,NA,NA,NA,NA,yes,3.4.1
mapproj,/home/rstudio/packages,1.2-5,NA,maps (>= 2.3-0),"stats, graphics",NA,NA,NA,Lucent Public License,NA,NA,NA,NA,yes,3.4.0
maps,/home/rstudio/packages,3.2.0,NA,R (>= 2.14.0),"graphics, utils",NA,"mapproj (>= 1.2-0), mapdata (>= 2.2-4), sp, maptools",NA,GPL-2,NA,NA,NA,NA,yes,3.4.0
maptools,/home/rstudio/packages,0.9-2,NA,"R (>= 2.10), sp (>= 1.0-11)","foreign (>= 0.8), methods, grid, lattice, stats, utils,
grDevices",NA,"rgeos (>= 0.1-8), spatstat (>= 1.18), PBSmapping, maps,
RColorBrewer, raster, polyclip, spatstat.utils","gpclib, RArcInfo",GPL (>= 2),NA,NA,NA,NA,yes,3.4.1
markdown,/usr/local/lib/R/site-library,0.7.7,NA,R (>= 2.11.1),mime (>= 0.3),NA,"knitr, RCurl",NA,GPL-2,NA,NA,NA,NA,yes,3.3.0
matlib,/home/rstudio/packages,0.8.1,NA,NA,"rgl, car",NA,"MASS, knitr, rglwidget, rmarkdown, xtable",NA,GPL (>= 2),NA,NA,NA,NA,no,3.4.1
matrixStats,/home/rstudio/packages,0.52.2,NA,R (>= 2.12.0),NA,NA,"base64enc, ggplot2, knitr, microbenchmark, R.devices, R.rsp",NA,Artistic-2.0,NA,NA,NA,NA,yes,3.4.1
maxLik,/home/rstudio/packages,1.3-4,NA,"R (>= 2.4.0), miscTools (>= 0.6-8), methods",sandwich,NA,NA,NA,GPL (>= 2),NA,NA,NA,NA,no,3.4.1
memoise,/home/rstudio/packages,1.1.0,NA,NA,digest (>= 0.6.3),NA,"testthat, aws.s3, httr, covr",NA,MIT + file LICENSE,NA,NA,NA,NA,no,3.4.0
methods,/usr/lib/R/library,3.4.2,base,NA,"utils, stats",NA,codetools,NA,Part of R 3.4.2,NA,NA,NA,NA,yes,3.4.2
mgcv,/home/rstudio/packages,1.8-22,recommended,"R (>= 2.14.0), nlme (>= 3.1-64)","methods, stats, graphics, Matrix",NA,"splines, parallel, survival, MASS",NA,GPL (>= 2),NA,NA,NA,NA,yes,3.4.1
microbenchmark,/home/rstudio/packages,1.4-2.1,NA,NA,"graphics, ggplot2, stats",NA,multcomp,NA,BSD_2_clause + file LICENSE,NA,NA,NA,NA,yes,3.4.0
mime,/usr/local/lib/R/site-library,0.4,NA,NA,tools,NA,NA,NA,GPL-2,NA,NA,NA,NA,yes,3.3.0
miniUI,/home/rstudio/packages,0.1.1,NA,NA,"shiny (>= 0.13), htmltools (>= 0.3), utils",NA,NA,NA,GPL-3,NA,NA,NA,NA,no,3.4.1
minqa,/home/rstudio/packages,1.2.4,NA,NA,Rcpp (>= 0.9.10),Rcpp,NA,NA,GPL-2,NA,NA,NA,NA,yes,3.4.0
miscTools,/home/rstudio/packages,0.6-22,NA,R (>= 2.14.0),NA,NA,Ecdat (>= 0.1-5),NA,GPL (>= 2),NA,NA,NA,NA,no,3.4.1
mlr,/home/rstudio/packages,2.11,NA,"R (>= 3.0.2), ParamHelpers (>= 1.10)","BBmisc (>= 1.11), backports, ggplot2, stats, stringi,
checkmate (>= 1.8.2), data.table, methods, parallelMap (>=
1.3), survival, utils",NA,"ada, adabag, bartMachine, batchtools, brnn, bst, C50, care,
caret (>= 6.0-57), class, clue, cluster, clusterSim (>=
0.44-5), clValid, cmaes, CoxBoost, crs, Cubist, deepnet,
DiceKriging, DiceOptim, DiscriMiner, e1071, earth, elasticnet,
elmNN, emoa, evtree, extraTrees, flare, fields, FNN, fpc, frbs,
FSelector, gbm, GenSA, ggvis, glmnet, h2o (>= 3.6.0.8), GPfit,
Hmisc, ipred, irace (>= 2.0), kernlab, kknn, klaR, knitr,
kohonen, laGP, LiblineaR, lqa, MASS, mboost, mco, mda, mlbench,
mldr, mlrMBO, modeltools, mRMRe, nnet, nodeHarvest (>= 0.7-3),
neuralnet, numDeriv, pamr, party, penalized (>= 0.9-47), pls,
PMCMR (>= 4.1), pROC (>= 1.8), randomForest, randomForestSRC
(>= 2.2.0), ranger (>= 0.6.0), RCurl, Rfast, rFerns, rjson,
rknn, rmarkdown, robustbase, ROCR, rotationForest, rpart, RRF,
rrlda, rsm, RSNNS, RWeka, sda, shiny, smoof, sparsediscrim,
sparseLDA, stepPlr, SwarmSVM, svglite, testthat, tgp, TH.data,
xgboost (>= 0.6-2), XML",NA,BSD_2_clause + file LICENSE,NA,NA,NA,NA,yes,3.4.1
mnormt,/home/rstudio/packages,1.5-5,NA,R (>= 2.2.0),NA,NA,NA,NA,GPL-2 | GPL-3,NA,NA,NA,NA,yes,3.4.0
modelr,/home/rstudio/packages,0.1.1,NA,R (>= 3.1.0),"magrittr, purrr (>= 0.2.2), lazyeval (>= 0.2.0), tibble,
broom, dplyr, tidyr (>= 0.6.0)",NA,"testthat, ggplot2, covr, compiler",NA,GPL-3,NA,NA,NA,NA,no,3.4.1
moments,/home/rstudio/packages,0.14,NA,NA,NA,NA,NA,NA,GPL (>= 2),NA,NA,NA,NA,no,3.4.1
multcomp,/home/rstudio/packages,1.4-7,NA,"stats, graphics, mvtnorm (>= 1.0-3), survival (>= 2.39-4),
TH.data (>= 1.0-2)","sandwich (>= 2.3-0), codetools",NA,"lme4 (>= 0.999375-16), nlme, robustbase, coin, MASS, car,
foreign, xtable, lmtest, coxme (>= 2.2-1), SimComp, ISwR",NA,GPL-2,NA,NA,NA,NA,no,3.4.1
munsell,/usr/local/lib/R/site-library,0.4.3,NA,NA,"colorspace, methods",NA,"ggplot2, testthat",NA,MIT + file LICENSE,NA,NA,NA,NA,no,3.3.0
mvnfast,/home/rstudio/packages,0.2.2,NA,NA,Rcpp (>= 0.12.0),"Rcpp, RcppArmadillo, BH","knitr, testthat, mvtnorm, microbenchmark, MASS, plyr,
RhpcBLASctl",NA,GPL (>= 2.0),NA,NA,NA,NA,yes,3.4.1
mvtnorm,/home/rstudio/packages,1.0-6,NA,R(>= 1.9.0),"stats, methods",NA,NA,NA,GPL-2,NA,NA,NA,NA,yes,3.4.1
neuralnet,/home/rstudio/packages,1.33,NA,R (>= 2.9.0),"grid, MASS, grDevices, stats, utils",NA,NA,NA,GPL (>= 2),NA,NA,NA,NA,no,3.4.1
ngramrr,/home/rstudio/packages,0.2.0,NA,R (>= 3.0.0),"tm, tau",NA,"testthat, magrittr",NA,GPL-2,NA,NA,NA,NA,no,3.4.1
nlme,/home/rstudio/packages,3.1-131,recommended,R (>= 3.0.2),"graphics, stats, utils, lattice",NA,"Hmisc, MASS",NA,GPL (>= 2) | file LICENCE,NA,NA,NA,NA,yes,3.4.0
nloptr,/home/rstudio/packages,1.0.4,NA,NA,NA,NA,testthat (>= 0.8.1),NA,LGPL-3,NA,NA,NA,NA,yes,3.4.0
nnet,/usr/lib/R/library,7.3-12,recommended,"R (>= 2.14.0), stats, utils",NA,NA,MASS,NA,GPL-2 | GPL-3,NA,NA,NA,NA,yes,3.4.0
numDeriv,/home/rstudio/packages,2016.8-1,NA,R (>= 2.11.1),NA,NA,NA,NA,GPL-2,NA,NA,NA,NA,no,3.4.1
nycflights13,/home/rstudio/packages,0.2.2,NA,R (>= 2.10),tibble,NA,dplyr,NA,CC0,NA,NA,NA,NA,no,3.4.1
openssl,/home/rstudio/packages,0.9.7,NA,NA,NA,NA,"testthat, digest, knitr, rmarkdown, jsonlite, jose",NA,MIT + file LICENSE,NA,NA,NA,NA,yes,3.4.1
packrat,/home/rstudio/packages,0.4.8-1,NA,R (>= 3.0.0),"tools, utils",NA,"testthat (>= 0.7), devtools, httr, knitr, rmarkdown",BiocInstaller,GPL-2,NA,NA,NA,NA,no,3.4.0
pacman,/home/rstudio/packages,0.4.6,NA,R (>= 3.0.2),"devtools (>= 1.13.0), methods, stats, utils",NA,"knitr, lattice, testthat (>= 0.9.0), XML",NA,GPL-2,NA,NA,NA,NA,no,3.4.0
padr,/home/rstudio/packages,0.3.0,NA,R (>= 3.0.0),"Rcpp, dplyr",Rcpp,"lubridate, ggplot2, testthat, knitr, rmarkdown, lazyeval,
tidyr, data.table",NA,MIT + file LICENSE,NA,NA,NA,NA,yes,3.4.1
parallel,/usr/lib/R/library,3.4.2,base,NA,"tools, compiler",NA,methods,"snow, nws, Rmpi",Part of R 3.4.2,NA,NA,NA,NA,yes,3.4.2
parallelMap,/home/rstudio/packages,1.3,NA,R (>= 3.0.0),"BBmisc (>= 1.8), checkmate (>= 1.5.1), parallel",NA,"testthat, Rmpi, BatchJobs (>= 1.5)",NA,BSD_2_clause + file LICENSE,NA,NA,NA,NA,no,3.4.1
pbkrtest,/home/rstudio/packages,0.4-7,NA,"R (>= 3.2.3), lme4 (>= 1.1.10)","Matrix (>= 1.2.3), parallel, MASS, methods",NA,NA,NA,GPL (>= 2),NA,NA,NA,NA,no,3.4.0
phia,/home/rstudio/packages,0.2-1,NA,"car, graphics, stats","Matrix, grDevices, methods, utils",NA,"nlme, lme4",NA,GPL (>= 3),NA,NA,NA,NA,no,3.4.1
pkgconfig,/home/rstudio/packages,2.0.1,NA,NA,utils,NA,"covr, testthat, disposables (>= 1.0.3)",NA,MIT + file LICENSE,NA,NA,NA,NA,no,3.4.0
pkgmaker,/home/rstudio/packages,0.22,NA,"R (>= 3.0.0), stats, registry","methods, tools, codetools, digest, stringr, xtable, grDevices",NA,"devtools (>= 0.8), bibtex, RUnit, testthat, knitr,
ReportingTools, hwriter, argparse",NA,GPL (>= 2),NA,NA,NA,NA,no,3.4.0
plogr,/home/rstudio/packages,0.1-1,NA,NA,NA,NA,Rcpp,NA,MIT + file LICENSE,NA,NA,NA,NA,no,3.4.0
plotrix,/home/rstudio/packages,3.6-6,NA,NA,"grDevices, graphics, stats, utils",NA,NA,NA,GPL (>= 2),NA,NA,NA,NA,no,3.4.1
plyr,/usr/local/lib/R/site-library,1.8.3,NA,R (>= 3.1.0),Rcpp (>= 0.11.0),Rcpp,"abind, testthat, tcltk, foreach, doParallel, itertools,
iterators",NA,MIT + file LICENSE,NA,NA,NA,NA,yes,3.3.0
png,/home/rstudio/packages,0.1-7,NA,R (>= 2.9.0),NA,NA,NA,NA,GPL-2 | GPL-3,NA,NA,NA,NA,yes,3.4.0
praise,/home/rstudio/packages,1.0.0,NA,NA,NA,NA,testthat,NA,MIT + file LICENSE,NA,NA,NA,NA,no,3.4.0
processx,/home/rstudio/packages,2.0.0.1,NA,NA,"assertthat, crayon, debugme, R6, utils",NA,"covr, testthat, withr",NA,MIT + file LICENSE,NA,NA,NA,NA,yes,3.4.1
prodlim,/home/rstudio/packages,1.6.1,NA,R (>= 2.9.0),"Rcpp (>= 0.11.5), stats, graphics, survival, KernSmooth, lava",Rcpp,NA,NA,GPL (>= 2),NA,NA,NA,NA,yes,3.4.1
profvis,/home/rstudio/packages,0.3.3,NA,R (>= 3.0),"htmlwidgets (>= 0.3.2), stringr",NA,"knitr, ggplot2, rmarkdown, testthat, devtools",NA,GPL-3 | file LICENSE,NA,NA,NA,NA,no,3.4.0
proto,/home/rstudio/packages,1.0.0,NA,NA,NA,NA,"testthat, covr",NA,GPL-2,NA,NA,NA,NA,no,3.4.0
pryr,/home/rstudio/packages,0.1.2,NA,R (>= 3.1.0),"stringr, codetools, methods, Rcpp (>= 0.11.0)",Rcpp,testthat (>= 0.8.0),NA,GPL-2,NA,NA,NA,NA,yes,3.4.0
pscl,/home/rstudio/packages,1.5.1,NA,NA,"MASS, datasets, grDevices, graphics, stats, utils",NA,"lattice, MCMCpack, car, lmtest, sandwich, zoo, coda, vcd,
mvtnorm, mgcv",NA,GPL-2,NA,NA,NA,NA,yes,3.4.1
psych,/home/rstudio/packages,1.7.8,NA,R (>= 2.10),"mnormt,parallel,stats,graphics,grDevices,methods,foreign,lattice,nlme",NA,"GPArotation, lavaan, sem, lme4,Rcsdp, graph, Rgraphviz",NA,GPL (>= 2),NA,NA,NA,NA,no,3.4.1
purrr,/home/rstudio/packages,0.2.3,NA,NA,"magrittr (>= 1.5), tibble, rlang (>= 0.1)",NA,"covr, dplyr (>= 0.4.3), testthat, knitr, rmarkdown",NA,GPL-3 | file LICENSE,NA,NA,NA,NA,yes,3.4.1
purrrlyr,/home/rstudio/packages,0.0.2,NA,NA,"magrittr (>= 1.5), dplyr (>= 0.4.3), purrr, Rcpp, lazyeval (>=
0.2.0)","Rcpp, BH","testthat, covr",NA,GPL-3 | file LICENSE,NA,NA,NA,NA,yes,3.4.1
qdapDictionaries,/home/rstudio/packages,1.0.6,NA,R (>= 3.0.0),NA,NA,NA,NA,GPL-2,NA,NA,NA,NA,no,3.4.1
quadprog,/home/rstudio/packages,1.5-5,NA,R (>= 2.15.0),NA,NA,NA,NA,GPL (>= 2),NA,NA,NA,NA,yes,3.4.0
quantmod,/home/rstudio/packages,0.4-10,NA,"xts(>= 0.9-0), zoo, TTR(>= 0.2), methods",curl,NA,"DBI,RMySQL,RSQLite,timeSeries,XML,downloader,jsonlite(>= 1.1)",NA,GPL-3,NA,NA,NA,NA,yes,3.4.0
quantreg,/home/rstudio/packages,5.33,NA,"R (>= 2.6), stats, SparseM","methods, graphics, Matrix, MatrixModels",NA,"tripack, akima, MASS, survival, rgl, logspline, nor1mix,
Formula, zoo",NA,GPL (>= 2),NA,NA,NA,NA,yes,3.4.0
rJava,/home/rstudio/packages,0.9-8,NA,"R (>= 2.5.0), methods",NA,NA,NA,NA,GPL-2,NA,NA,NA,NA,yes,3.4.1
randomForest,/home/rstudio/packages,4.6-12,NA,"R (>= 2.5.0), stats",NA,NA,"RColorBrewer, MASS",NA,GPL (>= 2),NA,NA,NA,NA,yes,3.4.1
rappdirs,/home/rstudio/packages,0.3.1,NA,"R (>= 2.14), methods",NA,NA,"testthat, roxygen2",NA,MIT + file LICENSE,NA,NA,NA,NA,yes,3.4.1
raster,/home/rstudio/packages,2.5-8,NA,"methods, sp (>= 1.2-0), R (>= 3.0.0)",Rcpp,Rcpp,"rgdal (>= 0.9-1), rgeos (>= 0.3-8), ncdf4, igraph, tcltk,
parallel, rasterVis",NA,GPL (>= 3),NA,NA,NA,NA,yes,3.4.1
ratelimitr,/home/rstudio/packages,0.3.9,NA,NA,assertthat,NA,"testthat, microbenchmark, knitr, rmarkdown, covr",NA,MIT + file LICENSE,NA,NA,NA,NA,no,3.4.1
rcorpora,/home/rstudio/packages,1.2.0,NA,NA,"jsonlite, utils",NA,NA,NA,CC0,NA,NA,NA,NA,no,3.4.1
readr,/home/rstudio/packages,1.1.1,NA,R (>= 3.0.2),"Rcpp (>= 0.12.0.5), tibble, hms, R6","Rcpp, BH","curl, testthat, knitr, rmarkdown, stringi, covr",NA,GPL (>= 2) | file LICENSE,NA,NA,NA,NA,yes,3.4.0
readxl,/home/rstudio/packages,1.0.0,NA,NA,"cellranger, Rcpp (>= 0.11.6), tibble (>= 1.1)",Rcpp,"covr, knitr, rmarkdown, rprojroot (>= 1.1), testthat",NA,GPL-3,NA,NA,NA,NA,yes,3.4.0
recipes,/home/rstudio/packages,0.1.0,NA,"R (>= 3.2.3), dplyr","tibble, stats, ipred, dimRed (>= 0.1.0), lubridate, timeDate,
ddalpha, purrr, rlang (>= 0.1.1), gower, RcppRoll, tidyselect
(>= 0.1.1), magrittr",NA,"testthat, rpart, kernlab, fastICA, RANN, igraph, knitr,
caret, ggplot2, rmarkdown",NA,GPL-2,NA,NA,NA,NA,no,3.4.1
registry,/home/rstudio/packages,0.3,NA,R (>= 2.6.0),utils,NA,NA,NA,GPL-2,NA,NA,NA,NA,no,3.4.0
rematch,/home/rstudio/packages,1.0.1,NA,NA,NA,NA,"covr, testthat",NA,MIT + file LICENSE,NA,NA,NA,NA,no,3.4.0
replyr,/home/rstudio/packages,0.5.3,NA,NA,"wrapr (>= 0.4.0), dplyr (>= 0.5.0), DBI, RSQLite",NA,"testthat, knitr, rmarkdown, sparklyr (>= 0.6.2), ggplot2,
RPostgreSQL, DiagrammeR, igraph, htmlwidgets, webshot, magick,
grid",NA,GPL-3,NA,NA,NA,NA,no,3.4.1
reprex,/home/rstudio/packages,0.1.1,NA,R (>= 3.0.2),"callr, clipr (>= 0.3.0), knitr, rmarkdown, tools, utils,
whisker",NA,"covr, devtools, formatR, fortunes, miniUI, rstudioapi, shiny,
shinyjs, testthat",NA,MIT + file LICENSE,NA,NA,NA,NA,no,3.4.1
reshape2,/usr/local/lib/R/site-library,1.4.1,NA,NA,"plyr (>= 1.8.1), stringr, Rcpp",Rcpp,"testthat (>= 0.8.0), lattice",NA,MIT + file LICENSE,NA,NA,NA,NA,yes,3.3.0
reticulate,/home/rstudio/packages,1.2,NA,R (>= 3.0),"utils, graphics, jsonlite, Rcpp (>= 0.12.7)",Rcpp,"testthat, knitr",NA,Apache License 2.0,NA,NA,NA,NA,yes,3.4.2
rex,/home/rstudio/packages,1.1.1,NA,NA,"magrittr, lazyeval",NA,"testthat, knitr, rmarkdown, dplyr, ggplot2, lintr, Hmisc,
stringr, rvest, roxygen2",NA,MIT + file LICENSE,NA,NA,NA,NA,no,3.4.1
rgdal,/home/rstudio/packages,1.2-12,NA,"R (>= 3.3.0), methods, sp (>= 1.1-0)","grDevices, graphics, stats, utils",sp,NA,NA,GPL (>= 2),NA,NA,NA,NA,yes,3.4.2
rgeos,/home/rstudio/packages,0.3-25,NA,R (>= 3.3.0),"methods, sp (>= 1.1-0), utils, stats, graphics",sp,"maptools (>= 0.8-5), testthat, XML, maps, rgdal",NA,GPL (>= 2),NA,NA,NA,NA,yes,3.4.2
rgl,/usr/lib/R/site-library,0.95.1441,NA,R (>= 2.15.0),"graphics, grDevices, stats, utils",NA,"MASS, rglwidget (>= 0.1.1427), knitr, rmarkdown",NA,GPL,NA,NA,NA,NA,yes,3.2.3
rjags,/usr/lib/R/site-library,4-5,NA,"R (>= 2.14.0), coda (>= 0.13)",NA,NA,tcltk,NA,GPL (== 2),NA,NA,NA,NA,yes,3.2.3
rjson,/home/rstudio/packages,0.2.15,NA,R (>= 3.1.0),NA,NA,NA,NA,GPL-2,NA,NA,NA,NA,yes,3.4.0
rlang,/home/rstudio/packages,0.1.2,NA,R (>= 3.1.0),NA,NA,"knitr, rmarkdown (>= 0.2.65), testthat, covr",NA,GPL-3,NA,NA,NA,NA,yes,3.4.1
rmarkdown,/usr/local/lib/R/site-library,0.9.6,NA,R (>= 3.0),"tools, utils, grDevices, knitr (>= 1.12), yaml (>= 2.1.5),
htmltools (>= 0.2.4), caTools",NA,"shiny (>= 0.11), tufte, testthat, digest",NA,GPL-3,NA,NA,NA,NA,no,3.3.0
rngtools,/home/rstudio/packages,1.2.4,NA,"R (>= 3.0.0), methods, pkgmaker (>= 0.20)","stringr, digest",NA,"parallel, RUnit, knitr",NA,GPL-3,NA,NA,NA,NA,no,3.4.0
robotstxt,/home/rstudio/packages,0.4.1,NA,R (>= 3.0.0),"stringr (>= 1.0.0), httr (>= 1.0.0), magrittr",NA,"knitr, rmarkdown, dplyr, testthat, covr",NA,MIT + file LICENSE,NA,NA,NA,NA,no,3.4.1
robustbase,/home/rstudio/packages,0.92-7,NA,R (>= 3.0.2),"stats, graphics, utils, methods, DEoptimR",NA,"grid, MASS, lattice, boot, cluster, Matrix, robust,
fit.models, MPV, xtable, ggplot2, GGally, RColorBrewer,
reshape2, sfsmisc, catdata",NA,GPL (>= 2),NA,NA,NA,NA,yes,3.4.1
roxygen2,/home/rstudio/packages,6.0.1,NA,R (>= 3.0.2),"stringr (>= 0.5), stringi, brew, digest, methods, Rcpp (>=
0.11.0), R6, desc, commonmark, xml2, utils",Rcpp,"testthat (>= 0.8.0), knitr, devtools, rmarkdown, covr",NA,GPL (>= 2),NA,NA,NA,NA,yes,3.4.1
rpart,/usr/lib/R/library,4.1-11,recommended,"R (>= 2.15.0), graphics, stats, grDevices",NA,NA,survival,NA,GPL-2 | GPL-3,NA,NA,NA,NA,yes,3.4.0
rprojroot,/home/rstudio/packages,1.2,NA,R (>= 3.0.0),backports,NA,"testthat, knitr, withr, rmarkdown",NA,GPL-3,NA,NA,NA,NA,no,3.4.0
rsconnect,/home/rstudio/packages,0.8.5,NA,R (>= 3.0.0),"digest, PKI, RCurl, RJSONIO, packrat (>= 0.4.8-1), yaml (>=
2.1.5), rstudioapi (>= 0.5)",NA,"scrypt, knitr, testthat, rmarkdown (>= 1.1), plumber (>=
0.3.2)",BiocInstaller,GPL-2,NA,NA,NA,NA,no,3.4.1
rstan,/usr/local/lib/R/site-library,2.9.0-3,NA,"R (>= 3.0.2), ggplot2 (>= 2.0.0)","methods, stats4, inline, gridExtra (>= 2.0.0), Rcpp (>=
0.11.0)","Rcpp, RcppEigen, BH (>= 1.58), StanHeaders (>= 2.9.0)","RUnit, RcppEigen, BH (>= 1.58), StanHeaders (>= 2.9.0),
parallel, KernSmooth, RCurl, loo, rstudioapi, Matrix",NA,GPL (>= 3),NA,NA,NA,NA,yes,3.3.0
rstantools,/home/rstudio/packages,1.3.0,NA,NA,"stats, utils",NA,"bayesplot (>= 1.2.0), rstan (>= 2.16.0), rstanarm (>=
2.15.3), shinystan (>= 2.3.0), loo (>= 1.1.0), testthat, covr,
knitr, rmarkdown",NA,GPL (>= 3),NA,NA,NA,NA,no,3.4.1
rstudioapi,/home/rstudio/packages,0.7,NA,NA,NA,NA,"testthat, knitr, rmarkdown",NA,MIT + file LICENSE,NA,NA,NA,NA,no,3.4.1
rvest,/home/rstudio/packages,0.3.2,NA,"R (>= 3.0.1), xml2","httr (>= 0.5), selectr, magrittr",NA,"testthat, knitr, png, stringi (>= 0.3.1), rmarkdown, covr",NA,GPL-3,NA,NA,NA,NA,no,3.4.0
sandwich,/home/rstudio/packages,2.4-0,NA,R (>= 2.10.0),"stats, utils, zoo",NA,"AER, car, geepack, lattice, lmtest, MASS, multiwayvcov, pcse,
plm, pscl, scatterplot3d, stats4, strucchange, survival",NA,GPL-2 | GPL-3,NA,NA,NA,NA,no,3.4.1
scales,/usr/local/lib/R/site-library,0.4.0,NA,R (>= 2.13),"RColorBrewer, dichromat, plyr, munsell (>= 0.2), labeling,
methods, Rcpp",Rcpp,"testthat (>= 0.8), covr",NA,MIT + file LICENSE,NA,NA,NA,NA,yes,3.3.0
selectr,/home/rstudio/packages,0.3-1,NA,R (>= 2.15.2),"methods, stringr",NA,"testthat, XML, xml2",NA,BSD_3_clause + file LICENCE,NA,NA,NA,NA,no,3.4.0
sfsmisc,/home/rstudio/packages,1.1-1,NA,R (>= 3.0.1),"grDevices, methods, utils, stats",NA,"datasets, tcltk, cluster, lattice, MASS, Matrix, nlme, lokern","mgcv, rpart, nor1mix, polycor, sm, tikzDevice",GPL (>= 2),NA,NA,NA,NA,no,3.4.2
shiny,/usr/local/lib/R/site-library,0.13.2,NA,"R (>= 3.0.0), methods","utils, httpuv (>= 1.3.3), mime (>= 0.3), jsonlite (>= 0.9.16),
xtable, digest, htmltools (>= 0.3), R6 (>= 2.0)",NA,"datasets, Cairo (>= 1.5-5), testthat, knitr (>= 1.6),
markdown, rmarkdown, ggplot2",NA,GPL-3 | file LICENSE,NA,NA,NA,NA,no,3.3.0
shinyjs,/home/rstudio/packages,0.9.1,NA,R (>= 3.1.0),"digest (>= 0.6.8), htmltools (>= 0.2.6), jsonlite, miniUI (>=
0.1.1), shiny (>= 0.11.1), stats",NA,"knitr (>= 1.7), rmarkdown, rstudioapi (>= 0.5), shinyAce,
testthat (>= 0.9.1), V8 (>= 0.6)",NA,AGPL-3,NA,NA,NA,NA,no,3.4.1
shinystan,/home/rstudio/packages,2.4.0,NA,"R (>= 3.1.0), shiny (>= 1.0.3)","bayesplot (>= 1.2.0), colourpicker, DT (>= 0.2), dygraphs (>=
1.1.1.2), ggplot2 (>= 2.1.1), gridExtra, gtools, markdown (>=
0.7.4), methods, reshape2, rsconnect (>= 0.4.2), rstan (>=
2.14.1), stats, shinyjs (>= 0.6.0), shinythemes (>= 1.0.1),
threejs (>= 0.2.1), utils, xtable, xts (>= 0.9-7)",NA,"coda, knitr (>= 1.9), rmarkdown (>= 0.8.1), rstanarm (>=
2.15.3), testthat",NA,GPL (>= 3),NA,NA,NA,NA,no,3.4.1
shinythemes,/home/rstudio/packages,1.1.1,NA,R (>= 3.0.0),shiny (>= 0.11),NA,NA,NA,GPL-3 | file LICENSE,NA,NA,NA,NA,no,3.4.1
simstudy,/home/rstudio/packages,0.1.4,NA,"R (>= 3.2.2), data.table","Rcpp, mvnfast",Rcpp,"testthat, knitr, rmarkdown, ggplot2, scales, grid, gridExtra,
survival, gee",NA,GPL-3,NA,NA,NA,NA,yes,3.4.1
skimr,/home/rstudio/packages,1.0,NA,R (>= 3.1.2),"dplyr (>= 0.5),
tidyr,
purrr,
magrittr,
tibble (>= 0.6),
colformat",NA,"testthat,
knitr",NA,MIT + file LICENSE,NA,NA,NA,NA,NA,3.4.0
slam,/home/rstudio/packages,0.1-40,NA,R (>= 3.3.1),stats,NA,NA,"Matrix, SparseM, spam",GPL-2,NA,NA,NA,NA,yes,3.4.0
snow,/home/rstudio/packages,0.4-2,NA,"R (>= 2.13.1), utils",NA,NA,"Rmpi,rlecuyer,nws",NA,GPL,NA,NA,NA,NA,no,3.4.0
snowfall,/home/rstudio/packages,1.84-6.1,NA,"R (>= 2.10), snow",NA,NA,Rmpi,NA,GPL,NA,NA,NA,NA,no,3.4.0
sourcetools,/home/rstudio/packages,0.1.6,NA,R (>= 3.0.2),NA,NA,testthat,NA,MIT + file LICENSE,NA,NA,NA,NA,yes,3.4.0
sp,/home/rstudio/packages,1.2-5,NA,"R (>= 3.0.0), methods","utils, stats, graphics, grDevices, lattice, grid",NA,"RColorBrewer, rgdal (>= 0.8-7), rgeos (>= 0.3-13), gstat,
maptools, deldir",NA,GPL (>= 2),NA,NA,NA,NA,yes,3.4.1
spacetime,/home/rstudio/packages,1.2-1,NA,R (>= 3.0.0),"graphics, utils, stats, methods, lattice, sp (>= 1.1-0), zoo
(>= 1.7-9), xts (>= 0.8-8), intervals",NA,"adehabitatLT, cshapes, diveMove, foreign, gstat (>= 1.0-16),
maps, mapdata, maptools, plm, raster, RColorBrewer, rgdal,
rgeos, RPostgreSQL, knitr, googleVis, ISOcodes",NA,GPL (>= 2),NA,NA,NA,NA,no,3.4.1
spam,/home/rstudio/packages,2.1-1,NA,"R (>= 3.1), dotCall64, grid, methods",NA,NA,"spam64, fields, SparseM, Matrix, testthat, R.rsp, truncdist",NA,LGPL-2,NA,NA,NA,NA,yes,3.4.1
spatial,/usr/lib/R/library,7.3-11,recommended,"R (>= 3.0.0), graphics, stats, utils",NA,NA,MASS,NA,GPL-2 | GPL-3,NA,NA,NA,NA,yes,3.2.5
spatstat.utils,/home/rstudio/packages,1.7-1,NA,"R (>= 3.3.0), stats, graphics, grDevices, utils, methods",NA,NA,spatstat,NA,GPL (>= 2),NA,NA,NA,NA,yes,3.4.1
spdep,/home/rstudio/packages,0.6-15,NA,"R (>= 3.0.0), methods, sp (>= 1.0), Matrix (>= 1.0.12)","LearnBayes, deldir, boot (>= 1.3-1), splines, coda, nlme,
MASS, stats, gmodels, expm, graphics, grDevices, utils",NA,"parallel, spam(>= 0.13-1), RANN, rgeos, RColorBrewer,
lattice, xtable, maptools (>= 0.5-4), foreign, igraph, knitr",NA,GPL (>= 2),NA,NA,NA,NA,yes,3.4.1
sphet,/home/rstudio/packages,1.6,NA,R (>= 3.0.1),"nlme, spdep (>= 0.5-67), Matrix, sp",NA,NA,NA,GPL-2,NA,NA,NA,NA,no,3.4.1
spikeslab,/home/rstudio/packages,1.1.5,NA,"R (>= 3.0.0), lars, randomForest, parallel",NA,NA,NA,NA,GPL (>= 3),NA,NA,NA,NA,yes,3.4.1
splines,/usr/lib/R/library,3.4.2,base,NA,"graphics, stats",NA,"Matrix, methods",NA,Part of R 3.4.2,NA,NA,NA,NA,yes,3.4.2
sqldf,/home/rstudio/packages,0.4-11,NA,"R (>= 3.1.0), gsubfn (>= 0.6), proto, RSQLite","DBI, chron",NA,"RH2, RMySQL, RPostgreSQL, svUnit, tcltk, MASS",NA,GPL-2,NA,NA,NA,NA,no,3.4.1
stats,/usr/lib/R/library,3.4.2,base,NA,"utils, grDevices, graphics",NA,"MASS, Matrix, SuppDists, methods, stats4",NA,Part of R 3.4.2,NA,NA,NA,NA,yes,3.4.2
stats4,/usr/lib/R/library,3.4.2,base,NA,"graphics, methods, stats",NA,NA,NA,Part of R 3.4.2,NA,NA,NA,NA,NA,3.4.2
stringdist,/home/rstudio/packages,0.9.4.6,NA,R (>= 2.15.3),parallel,NA,testthat,NA,GPL-3,NA,NA,NA,NA,yes,3.4.1
stringi,/usr/local/lib/R/site-library,1.0-1,NA,R (>= 2.13.1),"tools, utils, stats",NA,NA,NA,file LICENSE,yes,NA,NA,NA,yes,3.3.0
stringr,/usr/local/lib/R/site-library,1.0.0,NA,R (>= 2.14),"stringi (>= 0.4.1), magrittr",NA,"testthat, knitr",NA,GPL-2,NA,NA,NA,NA,no,3.3.0
survival,/usr/lib/R/library,2.41-3,recommended,R (>= 2.13.0),"graphics, Matrix, methods, splines, stats, utils",NA,NA,NA,LGPL (>= 2),NA,NA,NA,NA,yes,3.4.0
swirl,/home/rstudio/packages,2.4.3,NA,R (>= 3.1.0),"stringr, testthat (>= 1.0.2), httr (>= 1.1.0), yaml, RCurl,
digest, tools, methods",NA,stringi,NA,MIT + file LICENSE,NA,NA,NA,NA,no,3.4.1
tau,/home/rstudio/packages,0.0-20,NA,R (>= 2.10),NA,NA,tm,NA,GPL-2,NA,NA,NA,NA,yes,3.4.2
tcltk,/usr/lib/R/library,3.4.2,base,NA,utils,NA,NA,NA,Part of R 3.4.2,NA,NA,NA,NA,yes,3.4.2
tensor,/home/rstudio/packages,1.5,NA,NA,NA,NA,NA,NA,GPL (>= 2),NA,NA,NA,NA,NA,3.4.1
tensorflow,/home/rstudio/packages,1.4,NA,R (>= 3.1),"config, jsonlite, processx, reticulate (>= 1.2), tfruns (>=
0.9.1), utils, yaml",NA,testthat,NA,Apache License 2.0,NA,NA,NA,NA,no,3.4.2
testit,/home/rstudio/packages,0.7,NA,NA,NA,NA,rstudioapi,NA,GPL,NA,NA,NA,NA,no,3.4.1
testthat,/home/rstudio/packages,1.0.2,NA,R (>= 3.1.0),"digest, crayon, praise, magrittr, R6, methods",NA,"devtools, withr, covr",NA,MIT + file LICENSE,NA,NA,NA,NA,yes,3.4.0
tfruns,/home/rstudio/packages,0.9.1,NA,NA,"utils, jsonlite, yaml, config, magrittr, tibble",NA,testthat,NA,Apache License 2.0,NA,NA,NA,NA,no,3.4.1
threejs,/home/rstudio/packages,0.3.1,NA,"R (>= 3.0.0), igraph (>= 1.0.0)","htmlwidgets (>= 0.3.2), base64enc, crosstalk, methods, stats",NA,maps,"knitr, shiny",MIT + file LICENSE,NA,NA,NA,NA,no,3.4.1
tibble,/home/rstudio/packages,1.3.4,NA,R (>= 3.1.0),"methods, rlang, Rcpp (>= 0.12.3), utils",Rcpp,"covr, dplyr, knitr (>= 1.5.32), microbenchmark, nycflights13,
testthat, rmarkdown, withr",NA,MIT + file LICENSE,NA,NA,NA,NA,yes,3.4.1
tidygraph,/home/rstudio/packages,1.0.0,NA,NA,"tibble, dplyr (>= 0.7), igraph, magrittr, utils, rlang, R6,
Rcpp, tools, stats, tidyr",Rcpp,"network, data.tree, ape, graph, methods, testthat, covr",NA,GPL (>= 2),NA,NA,NA,NA,yes,3.4.1
tidyjson,/home/rstudio/packages,0.2.2,NA,R (>= 3.1.0),"assertthat, jsonlite, dplyr",NA,"knitr, testthat, ggplot2, magrittr",NA,MIT + file LICENSE,NA,NA,NA,NA,no,3.4.1
tidyquant,/home/rstudio/packages,0.5.3,NA,"R (>= 3.3.0), lubridate (>= 1.6.0), PerformanceAnalytics (>=
1.4.3541), quantmod (>= 0.4-9), tidyverse (>= 1.1.0)","broom (>= 0.4.2), curl (>= 2.3), devtools (>= 1.12.0), dplyr
(>= 0.7.2), ggplot2 (>= 2.2.1), httr (>= 1.2.1), lazyeval (>=
0.2.0), magrittr (>= 1.5), purrr (>= 0.2.3), Quandl (>= 2.8.0),
readr (>= 1.0.0), rvest (>= 0.3.2), scales (>= 0.4.1), stats
(>= 3.3.0), stringr (>= 1.1.0), tibble (>= 1.2), tidyr (>=
0.6.1), timetk (>= 0.1.0), timeSeries (>= 3022.101.2), tseries
(>= 0.10-37), TTR (>= 0.23-1), XLConnect (>= 0.2-13), xml2 (>=
1.1.0), xts (>= 0.9-7), zoo (>= 1.7-14)",NA,"knitr, rmarkdown, testthat, forcats",NA,MIT + file LICENSE,NA,NA,NA,NA,no,3.4.1
tidyr,/home/rstudio/packages,0.7.1,NA,R (>= 3.1.0),"dplyr (>= 0.7.0), glue, magrittr, purrr, rlang, Rcpp, stringi,
tibble, tidyselect",Rcpp,"knitr, testthat, covr, gapminder, rmarkdown",NA,MIT + file LICENSE,NA,NA,NA,NA,yes,3.4.1
tidyselect,/home/rstudio/packages,0.2.0,NA,R (>= 3.1.0),"glue, purrr, rlang (>= 0.1), Rcpp (>= 0.12.0)","Rcpp (>= 0.12.0),",testthat,NA,GPL-3,NA,NA,NA,NA,yes,3.4.1
tidytext,/home/rstudio/packages,0.1.4,NA,R (>= 2.10),"rlang, dplyr, stringr, hunspell, broom, Matrix, tokenizers,
janeaustenr, purrr (>= 0.1.1), methods",NA,"readr, tidyr, XML, tm, quanteda, wordcloud, knitr, rmarkdown,
ggplot2, reshape2, topicmodels, NLP, scales, gutenbergr,
testthat, mallet, stm",NA,MIT + file LICENSE,NA,NA,NA,NA,no,3.4.2
tidyverse,/home/rstudio/packages,1.1.1,NA,NA,"broom, dplyr, forcats, ggplot2, haven, httr, hms, jsonlite,
lubridate, magrittr, modelr, purrr, readr, readxl, stringr,
tibble, rvest, tidyr, xml2",NA,"knitr, rmarkdown",NA,GPL-3 | file LICENSE,NA,NA,NA,NA,no,3.4.0
tikzDevice,/home/rstudio/packages,0.10-1,NA,R (>= 2.14.0),"filehash (>= 2.3), png",NA,"testthat (>= 0.8.1), evaluate, stringr, ggplot2, maps, knitr,
crayon",NA,GPL (>= 2),NA,NA,NA,NA,yes,3.4.1
timeDate,/home/rstudio/packages,3012.100,NA,"R (>= 2.15.1), graphics, utils, stats, methods",NA,NA,"date, RUnit",NA,GPL (>= 2),NA,NA,NA,NA,no,3.4.0
timeSeries,/home/rstudio/packages,3022.101.2,NA,"R (>= 2.10), graphics, grDevices, stats, methods, utils,
timeDate (>= 2150.95)",NA,NA,"RUnit, robustbase, xts, PerformanceAnalytics, fTrading",NA,GPL (>= 2),NA,NA,NA,NA,no,3.4.1
timetk,/home/rstudio/packages,0.1.0,NA,R (>= 3.3.0),"devtools (>= 1.12.0), dplyr (>= 0.7.0), forecast (>= 0.8.0),
lazyeval (>= 0.2.0), lubridate (>= 1.6.0), padr (>= 0.3.0),
purrr (>= 0.2.2), readr (>= 1.0.0), stringi (>= 1.1.5), tibble
(>= 1.2), tidyr (>= 0.6.1), xts (>= 0.9-7), zoo (>= 1.7-14)",NA,"broom, forcats, knitr, rmarkdown, robets, scales, stringr,
testthat, tidyverse, tidyquant",NA,GPL (>= 3),NA,NA,NA,NA,no,3.4.1
tis,/home/rstudio/packages,1.32,NA,R (>= 2.3),NA,NA,"reshape, scales","zoo, ggplot2, graphics",Unlimited,NA,NA,NA,NA,yes,3.4.1
tm,/home/rstudio/packages,0.7-1,NA,"R (>= 3.2.0), NLP (>= 0.1-6.2)","Rcpp, parallel, slam (>= 0.1-37), stats, tools, utils,
graphics","BH, Rcpp","filehash, methods, Rcampdf, Rgraphviz, Rpoppler, SnowballC,
tm.lexicon.GeneralInquirer, XML",NA,GPL-3,NA,NA,NA,NA,yes,3.4.0
tokenizers,/home/rstudio/packages,0.1.4,NA,R (>= 3.1.3),"stringi (>= 1.0.1), Rcpp (>= 0.12.3), SnowballC (>= 0.5.1)",Rcpp,"testthat, covr, knitr, rmarkdown",NA,MIT + file LICENSE,NA,NA,NA,NA,yes,3.4.0
tools,/usr/lib/R/library,3.4.2,base,NA,NA,NA,"codetools, methods, xml2, curl",NA,Part of R 3.4.2,NA,NA,NA,NA,yes,3.4.2
triebeard,/home/rstudio/packages,0.3.0,NA,NA,Rcpp,Rcpp,"knitr, rmarkdown, testthat",NA,MIT + file LICENSE,NA,NA,NA,NA,yes,3.4.0
tseries,/home/rstudio/packages,0.10-42,NA,R (>= 2.10.0),"graphics, stats, utils, quadprog, zoo, quantmod (>= 0.4.9)",NA,NA,NA,GPL-2,NA,NA,NA,NA,yes,3.4.0
tufte,/home/rstudio/packages,0.2,NA,NA,"htmltools, knitr (>= 1.12), rmarkdown",NA,NA,NA,GPL-3,NA,NA,NA,NA,no,3.4.1
twitteR,/home/rstudio/packages,1.1.9,NA,R (>= 2.12.0),"methods, bit64, rjson, DBI (>= 0.3.1), httr (>= 1.0.0)",NA,"RSQLite, RMySQL",NA,Artistic-2.0,NA,NA,NA,NA,no,3.4.1
urltools,/home/rstudio/packages,1.6.0,NA,R (>= 2.10),"Rcpp, methods, triebeard",Rcpp,"testthat, knitr",NA,MIT + file LICENSE,NA,NA,NA,NA,yes,3.4.0
utils,/usr/lib/R/library,3.4.2,base,NA,NA,NA,"methods, XML",NA,Part of R 3.4.2,NA,NA,NA,NA,yes,3.4.2
viridis,/home/rstudio/packages,0.4.0,NA,"R (>= 2.10), viridisLite (>= 0.2.0)","stats, ggplot2 (>= 1.0.1), gridExtra",NA,"hexbin (>= 1.27.0), scales, MASS, knitr, dichromat,
colorspace, rasterVis, httr, mapproj, vdiffr, svglite (>=
1.2.0), testthat, covr, rmarkdown",NA,MIT + file LICENSE,NA,NA,NA,NA,no,3.4.1
viridisLite,/home/rstudio/packages,0.2.0,NA,R (>= 2.10),NA,NA,"hexbin (>= 1.27.0), ggplot2 (>= 1.0.1), testthat, covr",NA,MIT + file LICENSE,NA,NA,NA,NA,no,3.4.1
vtreat,/home/rstudio/packages,0.6.0,NA,NA,NA,NA,"testthat, knitr, parallel, rmarkdown, data.table, dplyr,
ggplot2, RSQLite, datasets, stats",NA,GPL-3,NA,NA,NA,NA,no,3.4.1
waffle,/home/rstudio/packages,0.7.0,NA,"R (>= 3.2.0), ggplot2 (>= 2.0.0)","RColorBrewer, grid, gridExtra, gtable, extrafont",NA,testthat,NA,GPL (>= 2),NA,NA,NA,NA,no,3.4.1
webshot,/home/rstudio/packages,0.4.2,NA,R (>= 3.0),"magrittr, jsonlite",NA,"httpuv, knitr, rmarkdown, shiny",NA,GPL-2,NA,NA,NA,NA,no,3.4.2
whisker,/home/rstudio/packages,0.3-2,NA,NA,NA,NA,markdown,NA,GPL-3,NA,NA,NA,NA,no,3.4.0
withr,/home/rstudio/packages,2.0.0,NA,R (>= 3.0.2),"stats, graphics",NA,testthat,NA,GPL (>= 2),NA,NA,NA,NA,no,3.4.1
wrapr,/home/rstudio/packages,0.4.2,NA,NA,NA,NA,"testthat, knitr, rmarkdown",NA,GPL-3,NA,NA,NA,NA,no,3.4.1
xgboost,/home/rstudio/packages,0.6-4,NA,R (>= 3.3.0),"Matrix (>= 1.1-0), methods, data.table (>= 1.9.6), magrittr
(>= 1.5), stringi (>= 0.5.2)",NA,"knitr, rmarkdown, ggplot2 (>= 1.0.1), DiagrammeR (>= 0.9.0),
Ckmeans.1d.dp (>= 3.3.1), vcd (>= 1.3), testthat, igraph (>=
1.0.1)",NA,Apache License (== 2.0) | file LICENSE,NA,NA,NA,NA,yes,3.4.1
xlsx,/home/rstudio/packages,0.5.7,NA,"rJava, xlsxjars",NA,NA,NA,NA,GPL-3,NA,NA,NA,NA,no,3.4.1
xlsxjars,/home/rstudio/packages,0.6.1,NA,rJava,NA,NA,NA,NA,GPL-3,NA,NA,NA,NA,no,3.4.1
xml2,/home/rstudio/packages,1.1.1,NA,R (>= 3.1.0),Rcpp,"Rcpp (>= 0.11.4.6), BH","testthat, curl, covr, knitr, rmarkdown, magrittr, httr",NA,GPL (>= 2),NA,NA,NA,NA,yes,3.4.0
xtable,/usr/local/lib/R/site-library,1.8-2,NA,R (>= 2.10.0),"stats, utils",NA,"knitr, lsmeans, spdep, splm, sphet, plm, zoo, survival",NA,GPL (>= 2),NA,NA,NA,NA,no,3.3.0
xts,/home/rstudio/packages,0.10-0,NA,zoo (>= 1.7-12),methods,zoo,"timeSeries, timeDate, tseries, chron, fts, tis, RUnit",NA,GPL (>= 2),NA,NA,NA,NA,yes,3.4.1
yaml,/usr/local/lib/R/site-library,2.1.13,NA,NA,NA,NA,testthat,NA,BSD_3_clause + file LICENSE,NA,NA,NA,NA,yes,3.3.0
zoo,/home/rstudio/packages,1.8-0,NA,"R (>= 2.10.0), stats","utils, graphics, grDevices, lattice (>= 0.20-27)",NA,"coda, chron, DAAG, fts, ggplot2, mondate, scales,
strucchange, timeDate, timeSeries, tis, tseries, xts",NA,GPL-2 | GPL-3,NA,NA,NA,NA,yes,3.4.0
